CREATE DATABASE  IF NOT EXISTS `rouyi` /*!40100 DEFAULT CHARACTER SET utf8 */ /*!80016 DEFAULT ENCRYPTION='N' */;
USE `rouyi`;
-- MySQL dump 10.13  Distrib 8.0.25, for Win64 (x86_64)
--
-- Host: 10.10.1.1    Database: rouyi
-- ------------------------------------------------------
-- Server version	8.0.25

/*!40101 SET @OLD_CHARACTER_SET_CLIENT=@@CHARACTER_SET_CLIENT */;
/*!40101 SET @OLD_CHARACTER_SET_RESULTS=@@CHARACTER_SET_RESULTS */;
/*!40101 SET @OLD_COLLATION_CONNECTION=@@COLLATION_CONNECTION */;
/*!50503 SET NAMES utf8 */;
/*!40103 SET @OLD_TIME_ZONE=@@TIME_ZONE */;
/*!40103 SET TIME_ZONE='+00:00' */;
/*!40014 SET @OLD_UNIQUE_CHECKS=@@UNIQUE_CHECKS, UNIQUE_CHECKS=0 */;
/*!40014 SET @OLD_FOREIGN_KEY_CHECKS=@@FOREIGN_KEY_CHECKS, FOREIGN_KEY_CHECKS=0 */;
/*!40101 SET @OLD_SQL_MODE=@@SQL_MODE, SQL_MODE='NO_AUTO_VALUE_ON_ZERO' */;
/*!40111 SET @OLD_SQL_NOTES=@@SQL_NOTES, SQL_NOTES=0 */;

--
-- Table structure for table `QRTZ_BLOB_TRIGGERS`
--

DROP TABLE IF EXISTS `QRTZ_BLOB_TRIGGERS`;
/*!40101 SET @saved_cs_client     = @@character_set_client */;
/*!50503 SET character_set_client = utf8mb4 */;
CREATE TABLE `QRTZ_BLOB_TRIGGERS` (
  `sched_name` varchar(120) NOT NULL,
  `trigger_name` varchar(200) NOT NULL,
  `trigger_group` varchar(200) NOT NULL,
  `blob_data` blob,
  PRIMARY KEY (`sched_name`,`trigger_name`,`trigger_group`),
  CONSTRAINT `QRTZ_BLOB_TRIGGERS_ibfk_1` FOREIGN KEY (`sched_name`, `trigger_name`, `trigger_group`) REFERENCES `QRTZ_TRIGGERS` (`sched_name`, `trigger_name`, `trigger_group`)
) ENGINE=InnoDB DEFAULT CHARSET=utf8mb3;
/*!40101 SET character_set_client = @saved_cs_client */;

--
-- Dumping data for table `QRTZ_BLOB_TRIGGERS`
--

LOCK TABLES `QRTZ_BLOB_TRIGGERS` WRITE;
/*!40000 ALTER TABLE `QRTZ_BLOB_TRIGGERS` DISABLE KEYS */;
/*!40000 ALTER TABLE `QRTZ_BLOB_TRIGGERS` ENABLE KEYS */;
UNLOCK TABLES;

--
-- Table structure for table `QRTZ_CALENDARS`
--

DROP TABLE IF EXISTS `QRTZ_CALENDARS`;
/*!40101 SET @saved_cs_client     = @@character_set_client */;
/*!50503 SET character_set_client = utf8mb4 */;
CREATE TABLE `QRTZ_CALENDARS` (
  `sched_name` varchar(120) NOT NULL,
  `calendar_name` varchar(200) NOT NULL,
  `calendar` blob NOT NULL,
  PRIMARY KEY (`sched_name`,`calendar_name`)
) ENGINE=InnoDB DEFAULT CHARSET=utf8mb3;
/*!40101 SET character_set_client = @saved_cs_client */;

--
-- Dumping data for table `QRTZ_CALENDARS`
--

LOCK TABLES `QRTZ_CALENDARS` WRITE;
/*!40000 ALTER TABLE `QRTZ_CALENDARS` DISABLE KEYS */;
/*!40000 ALTER TABLE `QRTZ_CALENDARS` ENABLE KEYS */;
UNLOCK TABLES;

--
-- Table structure for table `QRTZ_CRON_TRIGGERS`
--

DROP TABLE IF EXISTS `QRTZ_CRON_TRIGGERS`;
/*!40101 SET @saved_cs_client     = @@character_set_client */;
/*!50503 SET character_set_client = utf8mb4 */;
CREATE TABLE `QRTZ_CRON_TRIGGERS` (
  `sched_name` varchar(120) NOT NULL,
  `trigger_name` varchar(200) NOT NULL,
  `trigger_group` varchar(200) NOT NULL,
  `cron_expression` varchar(200) NOT NULL,
  `time_zone_id` varchar(80) DEFAULT NULL,
  PRIMARY KEY (`sched_name`,`trigger_name`,`trigger_group`),
  CONSTRAINT `QRTZ_CRON_TRIGGERS_ibfk_1` FOREIGN KEY (`sched_name`, `trigger_name`, `trigger_group`) REFERENCES `QRTZ_TRIGGERS` (`sched_name`, `trigger_name`, `trigger_group`)
) ENGINE=InnoDB DEFAULT CHARSET=utf8mb3;
/*!40101 SET character_set_client = @saved_cs_client */;

--
-- Dumping data for table `QRTZ_CRON_TRIGGERS`
--

LOCK TABLES `QRTZ_CRON_TRIGGERS` WRITE;
/*!40000 ALTER TABLE `QRTZ_CRON_TRIGGERS` DISABLE KEYS */;
INSERT INTO `QRTZ_CRON_TRIGGERS` VALUES ('RuoyiScheduler','TASK_CLASS_NAME1','DEFAULT','0/10 * * * * ?','Asia/Shanghai'),('RuoyiScheduler','TASK_CLASS_NAME2','DEFAULT','0/15 * * * * ?','Asia/Shanghai'),('RuoyiScheduler','TASK_CLASS_NAME3','DEFAULT','0/20 * * * * ?','Asia/Shanghai');
/*!40000 ALTER TABLE `QRTZ_CRON_TRIGGERS` ENABLE KEYS */;
UNLOCK TABLES;

--
-- Table structure for table `QRTZ_FIRED_TRIGGERS`
--

DROP TABLE IF EXISTS `QRTZ_FIRED_TRIGGERS`;
/*!40101 SET @saved_cs_client     = @@character_set_client */;
/*!50503 SET character_set_client = utf8mb4 */;
CREATE TABLE `QRTZ_FIRED_TRIGGERS` (
  `sched_name` varchar(120) NOT NULL,
  `entry_id` varchar(95) NOT NULL,
  `trigger_name` varchar(200) NOT NULL,
  `trigger_group` varchar(200) NOT NULL,
  `instance_name` varchar(200) NOT NULL,
  `fired_time` bigint NOT NULL,
  `sched_time` bigint NOT NULL,
  `priority` int NOT NULL,
  `state` varchar(16) NOT NULL,
  `job_name` varchar(200) DEFAULT NULL,
  `job_group` varchar(200) DEFAULT NULL,
  `is_nonconcurrent` varchar(1) DEFAULT NULL,
  `requests_recovery` varchar(1) DEFAULT NULL,
  PRIMARY KEY (`sched_name`,`entry_id`)
) ENGINE=InnoDB DEFAULT CHARSET=utf8mb3;
/*!40101 SET character_set_client = @saved_cs_client */;

--
-- Dumping data for table `QRTZ_FIRED_TRIGGERS`
--

LOCK TABLES `QRTZ_FIRED_TRIGGERS` WRITE;
/*!40000 ALTER TABLE `QRTZ_FIRED_TRIGGERS` DISABLE KEYS */;
/*!40000 ALTER TABLE `QRTZ_FIRED_TRIGGERS` ENABLE KEYS */;
UNLOCK TABLES;

--
-- Table structure for table `QRTZ_JOB_DETAILS`
--

DROP TABLE IF EXISTS `QRTZ_JOB_DETAILS`;
/*!40101 SET @saved_cs_client     = @@character_set_client */;
/*!50503 SET character_set_client = utf8mb4 */;
CREATE TABLE `QRTZ_JOB_DETAILS` (
  `sched_name` varchar(120) NOT NULL,
  `job_name` varchar(200) NOT NULL,
  `job_group` varchar(200) NOT NULL,
  `description` varchar(250) DEFAULT NULL,
  `job_class_name` varchar(250) NOT NULL,
  `is_durable` varchar(1) NOT NULL,
  `is_nonconcurrent` varchar(1) NOT NULL,
  `is_update_data` varchar(1) NOT NULL,
  `requests_recovery` varchar(1) NOT NULL,
  `job_data` blob,
  PRIMARY KEY (`sched_name`,`job_name`,`job_group`)
) ENGINE=InnoDB DEFAULT CHARSET=utf8mb3;
/*!40101 SET character_set_client = @saved_cs_client */;

--
-- Dumping data for table `QRTZ_JOB_DETAILS`
--

LOCK TABLES `QRTZ_JOB_DETAILS` WRITE;
/*!40000 ALTER TABLE `QRTZ_JOB_DETAILS` DISABLE KEYS */;
INSERT INTO `QRTZ_JOB_DETAILS` VALUES ('RuoyiScheduler','TASK_CLASS_NAME1','DEFAULT',NULL,'com.ruoyi.quartz.util.QuartzDisallowConcurrentExecution','0','1','0','0',_binary '¬\í\0sr\0org.quartz.JobDataMapŸ°ƒè¿©°\Ë\0\0xr\0&org.quartz.utils.StringKeyDirtyFlagMap‚\è\Ãû\Å](\0Z\0allowsTransientDataxr\0org.quartz.utils.DirtyFlagMap\æ.­(v\n\Î\0Z\0dirtyL\0mapt\0Ljava/util/Map;xpsr\0java.util.HashMap\ÚÁ\Ã`\Ñ\0F\0\nloadFactorI\0	thresholdxp?@\0\0\0\0\0w\0\0\0\0\0\0t\0TASK_PROPERTIESsr\0com.ruoyi.quartz.domain.SysJob\0\0\0\0\0\0\0\0L\0\nconcurrentt\0Ljava/lang/String;L\0cronExpressionq\0~\0	L\0invokeTargetq\0~\0	L\0jobGroupq\0~\0	L\0jobIdt\0Ljava/lang/Long;L\0jobNameq\0~\0	L\0\rmisfirePolicyq\0~\0	L\0statusq\0~\0	xr\0\'com.ruoyi.common.core.domain.BaseEntity\0\0\0\0\0\0\0\0L\0createByq\0~\0	L\0\ncreateTimet\0Ljava/util/Date;L\0paramsq\0~\0L\0remarkq\0~\0	L\0searchValueq\0~\0	L\0updateByq\0~\0	L\0\nupdateTimeq\0~\0xpt\0adminsr\0java.util.DatehjKYt\0\0xpw\0\0z`(xpt\0\0pppt\01t\00/10 * * * * ?t\0ryTask.ryNoParamst\0DEFAULTsr\0java.lang.Long;‹\äÌ#\ß\0J\0valuexr\0java.lang.Number†¬•”\à‹\0\0xp\0\0\0\0\0\0\0t\0ç³»ç»Ÿé»˜è®¤ï¼ˆæ— å‚ï¼‰t\03t\01x\0'),('RuoyiScheduler','TASK_CLASS_NAME2','DEFAULT',NULL,'com.ruoyi.quartz.util.QuartzDisallowConcurrentExecution','0','1','0','0',_binary '¬\í\0sr\0org.quartz.JobDataMapŸ°ƒè¿©°\Ë\0\0xr\0&org.quartz.utils.StringKeyDirtyFlagMap‚\è\Ãû\Å](\0Z\0allowsTransientDataxr\0org.quartz.utils.DirtyFlagMap\æ.­(v\n\Î\0Z\0dirtyL\0mapt\0Ljava/util/Map;xpsr\0java.util.HashMap\ÚÁ\Ã`\Ñ\0F\0\nloadFactorI\0	thresholdxp?@\0\0\0\0\0w\0\0\0\0\0\0t\0TASK_PROPERTIESsr\0com.ruoyi.quartz.domain.SysJob\0\0\0\0\0\0\0\0L\0\nconcurrentt\0Ljava/lang/String;L\0cronExpressionq\0~\0	L\0invokeTargetq\0~\0	L\0jobGroupq\0~\0	L\0jobIdt\0Ljava/lang/Long;L\0jobNameq\0~\0	L\0\rmisfirePolicyq\0~\0	L\0statusq\0~\0	xr\0\'com.ruoyi.common.core.domain.BaseEntity\0\0\0\0\0\0\0\0L\0createByq\0~\0	L\0\ncreateTimet\0Ljava/util/Date;L\0paramsq\0~\0L\0remarkq\0~\0	L\0searchValueq\0~\0	L\0updateByq\0~\0	L\0\nupdateTimeq\0~\0xpt\0adminsr\0java.util.DatehjKYt\0\0xpw\0\0z`(xpt\0\0pppt\01t\00/15 * * * * ?t\0ryTask.ryParams(\'ry\')t\0DEFAULTsr\0java.lang.Long;‹\äÌ#\ß\0J\0valuexr\0java.lang.Number†¬•”\à‹\0\0xp\0\0\0\0\0\0\0t\0ç³»ç»Ÿé»˜è®¤ï¼ˆæœ‰å‚ï¼‰t\03t\01x\0'),('RuoyiScheduler','TASK_CLASS_NAME3','DEFAULT',NULL,'com.ruoyi.quartz.util.QuartzDisallowConcurrentExecution','0','1','0','0',_binary '¬\í\0sr\0org.quartz.JobDataMapŸ°ƒè¿©°\Ë\0\0xr\0&org.quartz.utils.StringKeyDirtyFlagMap‚\è\Ãû\Å](\0Z\0allowsTransientDataxr\0org.quartz.utils.DirtyFlagMap\æ.­(v\n\Î\0Z\0dirtyL\0mapt\0Ljava/util/Map;xpsr\0java.util.HashMap\ÚÁ\Ã`\Ñ\0F\0\nloadFactorI\0	thresholdxp?@\0\0\0\0\0w\0\0\0\0\0\0t\0TASK_PROPERTIESsr\0com.ruoyi.quartz.domain.SysJob\0\0\0\0\0\0\0\0L\0\nconcurrentt\0Ljava/lang/String;L\0cronExpressionq\0~\0	L\0invokeTargetq\0~\0	L\0jobGroupq\0~\0	L\0jobIdt\0Ljava/lang/Long;L\0jobNameq\0~\0	L\0\rmisfirePolicyq\0~\0	L\0statusq\0~\0	xr\0\'com.ruoyi.common.core.domain.BaseEntity\0\0\0\0\0\0\0\0L\0createByq\0~\0	L\0\ncreateTimet\0Ljava/util/Date;L\0paramsq\0~\0L\0remarkq\0~\0	L\0searchValueq\0~\0	L\0updateByq\0~\0	L\0\nupdateTimeq\0~\0xpt\0adminsr\0java.util.DatehjKYt\0\0xpw\0\0z`(xpt\0\0pppt\01t\00/20 * * * * ?t\08ryTask.ryMultipleParams(\'ry\', true, 2000L, 316.50D, 100)t\0DEFAULTsr\0java.lang.Long;‹\äÌ#\ß\0J\0valuexr\0java.lang.Number†¬•”\à‹\0\0xp\0\0\0\0\0\0\0t\0ç³»ç»Ÿé»˜è®¤ï¼ˆå¤šå‚ï¼‰t\03t\01x\0');
/*!40000 ALTER TABLE `QRTZ_JOB_DETAILS` ENABLE KEYS */;
UNLOCK TABLES;

--
-- Table structure for table `QRTZ_LOCKS`
--

DROP TABLE IF EXISTS `QRTZ_LOCKS`;
/*!40101 SET @saved_cs_client     = @@character_set_client */;
/*!50503 SET character_set_client = utf8mb4 */;
CREATE TABLE `QRTZ_LOCKS` (
  `sched_name` varchar(120) NOT NULL,
  `lock_name` varchar(40) NOT NULL,
  PRIMARY KEY (`sched_name`,`lock_name`)
) ENGINE=InnoDB DEFAULT CHARSET=utf8mb3;
/*!40101 SET character_set_client = @saved_cs_client */;

--
-- Dumping data for table `QRTZ_LOCKS`
--

LOCK TABLES `QRTZ_LOCKS` WRITE;
/*!40000 ALTER TABLE `QRTZ_LOCKS` DISABLE KEYS */;
INSERT INTO `QRTZ_LOCKS` VALUES ('RuoyiScheduler','STATE_ACCESS'),('RuoyiScheduler','TRIGGER_ACCESS');
/*!40000 ALTER TABLE `QRTZ_LOCKS` ENABLE KEYS */;
UNLOCK TABLES;

--
-- Table structure for table `QRTZ_PAUSED_TRIGGER_GRPS`
--

DROP TABLE IF EXISTS `QRTZ_PAUSED_TRIGGER_GRPS`;
/*!40101 SET @saved_cs_client     = @@character_set_client */;
/*!50503 SET character_set_client = utf8mb4 */;
CREATE TABLE `QRTZ_PAUSED_TRIGGER_GRPS` (
  `sched_name` varchar(120) NOT NULL,
  `trigger_group` varchar(200) NOT NULL,
  PRIMARY KEY (`sched_name`,`trigger_group`)
) ENGINE=InnoDB DEFAULT CHARSET=utf8mb3;
/*!40101 SET character_set_client = @saved_cs_client */;

--
-- Dumping data for table `QRTZ_PAUSED_TRIGGER_GRPS`
--

LOCK TABLES `QRTZ_PAUSED_TRIGGER_GRPS` WRITE;
/*!40000 ALTER TABLE `QRTZ_PAUSED_TRIGGER_GRPS` DISABLE KEYS */;
/*!40000 ALTER TABLE `QRTZ_PAUSED_TRIGGER_GRPS` ENABLE KEYS */;
UNLOCK TABLES;

--
-- Table structure for table `QRTZ_SCHEDULER_STATE`
--

DROP TABLE IF EXISTS `QRTZ_SCHEDULER_STATE`;
/*!40101 SET @saved_cs_client     = @@character_set_client */;
/*!50503 SET character_set_client = utf8mb4 */;
CREATE TABLE `QRTZ_SCHEDULER_STATE` (
  `sched_name` varchar(120) NOT NULL,
  `instance_name` varchar(200) NOT NULL,
  `last_checkin_time` bigint NOT NULL,
  `checkin_interval` bigint NOT NULL,
  PRIMARY KEY (`sched_name`,`instance_name`)
) ENGINE=InnoDB DEFAULT CHARSET=utf8mb3;
/*!40101 SET character_set_client = @saved_cs_client */;

--
-- Dumping data for table `QRTZ_SCHEDULER_STATE`
--

LOCK TABLES `QRTZ_SCHEDULER_STATE` WRITE;
/*!40000 ALTER TABLE `QRTZ_SCHEDULER_STATE` DISABLE KEYS */;
INSERT INTO `QRTZ_SCHEDULER_STATE` VALUES ('RuoyiScheduler','DESKTOP-UUQK3281625748328142',1625792252489,15000);
/*!40000 ALTER TABLE `QRTZ_SCHEDULER_STATE` ENABLE KEYS */;
UNLOCK TABLES;

--
-- Table structure for table `QRTZ_SIMPLE_TRIGGERS`
--

DROP TABLE IF EXISTS `QRTZ_SIMPLE_TRIGGERS`;
/*!40101 SET @saved_cs_client     = @@character_set_client */;
/*!50503 SET character_set_client = utf8mb4 */;
CREATE TABLE `QRTZ_SIMPLE_TRIGGERS` (
  `sched_name` varchar(120) NOT NULL,
  `trigger_name` varchar(200) NOT NULL,
  `trigger_group` varchar(200) NOT NULL,
  `repeat_count` bigint NOT NULL,
  `repeat_interval` bigint NOT NULL,
  `times_triggered` bigint NOT NULL,
  PRIMARY KEY (`sched_name`,`trigger_name`,`trigger_group`),
  CONSTRAINT `QRTZ_SIMPLE_TRIGGERS_ibfk_1` FOREIGN KEY (`sched_name`, `trigger_name`, `trigger_group`) REFERENCES `QRTZ_TRIGGERS` (`sched_name`, `trigger_name`, `trigger_group`)
) ENGINE=InnoDB DEFAULT CHARSET=utf8mb3;
/*!40101 SET character_set_client = @saved_cs_client */;

--
-- Dumping data for table `QRTZ_SIMPLE_TRIGGERS`
--

LOCK TABLES `QRTZ_SIMPLE_TRIGGERS` WRITE;
/*!40000 ALTER TABLE `QRTZ_SIMPLE_TRIGGERS` DISABLE KEYS */;
/*!40000 ALTER TABLE `QRTZ_SIMPLE_TRIGGERS` ENABLE KEYS */;
UNLOCK TABLES;

--
-- Table structure for table `QRTZ_SIMPROP_TRIGGERS`
--

DROP TABLE IF EXISTS `QRTZ_SIMPROP_TRIGGERS`;
/*!40101 SET @saved_cs_client     = @@character_set_client */;
/*!50503 SET character_set_client = utf8mb4 */;
CREATE TABLE `QRTZ_SIMPROP_TRIGGERS` (
  `sched_name` varchar(120) NOT NULL,
  `trigger_name` varchar(200) NOT NULL,
  `trigger_group` varchar(200) NOT NULL,
  `str_prop_1` varchar(512) DEFAULT NULL,
  `str_prop_2` varchar(512) DEFAULT NULL,
  `str_prop_3` varchar(512) DEFAULT NULL,
  `int_prop_1` int DEFAULT NULL,
  `int_prop_2` int DEFAULT NULL,
  `long_prop_1` bigint DEFAULT NULL,
  `long_prop_2` bigint DEFAULT NULL,
  `dec_prop_1` decimal(13,4) DEFAULT NULL,
  `dec_prop_2` decimal(13,4) DEFAULT NULL,
  `bool_prop_1` varchar(1) DEFAULT NULL,
  `bool_prop_2` varchar(1) DEFAULT NULL,
  PRIMARY KEY (`sched_name`,`trigger_name`,`trigger_group`),
  CONSTRAINT `QRTZ_SIMPROP_TRIGGERS_ibfk_1` FOREIGN KEY (`sched_name`, `trigger_name`, `trigger_group`) REFERENCES `QRTZ_TRIGGERS` (`sched_name`, `trigger_name`, `trigger_group`)
) ENGINE=InnoDB DEFAULT CHARSET=utf8mb3;
/*!40101 SET character_set_client = @saved_cs_client */;

--
-- Dumping data for table `QRTZ_SIMPROP_TRIGGERS`
--

LOCK TABLES `QRTZ_SIMPROP_TRIGGERS` WRITE;
/*!40000 ALTER TABLE `QRTZ_SIMPROP_TRIGGERS` DISABLE KEYS */;
/*!40000 ALTER TABLE `QRTZ_SIMPROP_TRIGGERS` ENABLE KEYS */;
UNLOCK TABLES;

--
-- Table structure for table `QRTZ_TRIGGERS`
--

DROP TABLE IF EXISTS `QRTZ_TRIGGERS`;
/*!40101 SET @saved_cs_client     = @@character_set_client */;
/*!50503 SET character_set_client = utf8mb4 */;
CREATE TABLE `QRTZ_TRIGGERS` (
  `sched_name` varchar(120) NOT NULL,
  `trigger_name` varchar(200) NOT NULL,
  `trigger_group` varchar(200) NOT NULL,
  `job_name` varchar(200) NOT NULL,
  `job_group` varchar(200) NOT NULL,
  `description` varchar(250) DEFAULT NULL,
  `next_fire_time` bigint DEFAULT NULL,
  `prev_fire_time` bigint DEFAULT NULL,
  `priority` int DEFAULT NULL,
  `trigger_state` varchar(16) NOT NULL,
  `trigger_type` varchar(8) NOT NULL,
  `start_time` bigint NOT NULL,
  `end_time` bigint DEFAULT NULL,
  `calendar_name` varchar(200) DEFAULT NULL,
  `misfire_instr` smallint DEFAULT NULL,
  `job_data` blob,
  PRIMARY KEY (`sched_name`,`trigger_name`,`trigger_group`),
  KEY `sched_name` (`sched_name`,`job_name`,`job_group`),
  CONSTRAINT `QRTZ_TRIGGERS_ibfk_1` FOREIGN KEY (`sched_name`, `job_name`, `job_group`) REFERENCES `QRTZ_JOB_DETAILS` (`sched_name`, `job_name`, `job_group`)
) ENGINE=InnoDB DEFAULT CHARSET=utf8mb3;
/*!40101 SET character_set_client = @saved_cs_client */;

--
-- Dumping data for table `QRTZ_TRIGGERS`
--

LOCK TABLES `QRTZ_TRIGGERS` WRITE;
/*!40000 ALTER TABLE `QRTZ_TRIGGERS` DISABLE KEYS */;
INSERT INTO `QRTZ_TRIGGERS` VALUES ('RuoyiScheduler','TASK_CLASS_NAME1','DEFAULT','TASK_CLASS_NAME1','DEFAULT',NULL,1625748330000,-1,5,'PAUSED','CRON',1625748328000,0,NULL,2,''),('RuoyiScheduler','TASK_CLASS_NAME2','DEFAULT','TASK_CLASS_NAME2','DEFAULT',NULL,1625748330000,-1,5,'PAUSED','CRON',1625748328000,0,NULL,2,''),('RuoyiScheduler','TASK_CLASS_NAME3','DEFAULT','TASK_CLASS_NAME3','DEFAULT',NULL,1625748340000,-1,5,'PAUSED','CRON',1625748328000,0,NULL,2,'');
/*!40000 ALTER TABLE `QRTZ_TRIGGERS` ENABLE KEYS */;
UNLOCK TABLES;

--
-- Table structure for table `accounts`
--

DROP TABLE IF EXISTS `accounts`;
/*!40101 SET @saved_cs_client     = @@character_set_client */;
/*!50503 SET character_set_client = utf8mb4 */;
CREATE TABLE `accounts` (
  `id` bigint unsigned NOT NULL AUTO_INCREMENT COMMENT 'è´¦æˆ·id(è‡ªåŠ¨ç”Ÿæˆ)',
  `user_id` bigint NOT NULL COMMENT 'æ•°æ®ä»å±',
  `station_id` bigint unsigned NOT NULL COMMENT 'ç«™ç‚¹idï¼ˆæœ¬æ•°æ®åº“ï¼Œè‡ªåŠ¨ç”Ÿæˆï¼‰',
  `account_id` varchar(120) NOT NULL COMMENT 'è´¦æˆ·id',
  `nick_name` varchar(120) DEFAULT NULL COMMENT 'è´¦æˆ·æ˜µç§°',
  `description` varchar(500) DEFAULT NULL COMMENT 'æè¿°',
  `status` varchar(100) NOT NULL DEFAULT '0',
  `deleted` tinyint unsigned NOT NULL DEFAULT '0' COMMENT 'åˆ é™¤æ ‡è®°',
  `gmt_create` datetime NOT NULL DEFAULT CURRENT_TIMESTAMP COMMENT 'åˆ›å»ºæ—¶é—´',
  `gmt_modified` datetime NOT NULL DEFAULT CURRENT_TIMESTAMP ON UPDATE CURRENT_TIMESTAMP COMMENT 'ä¿®æ”¹æ—¶é—´',
  PRIMARY KEY (`id`),
  KEY `user_id_idx` (`user_id`),
  KEY `station_id_idx` (`station_id`),
  CONSTRAINT `station_id` FOREIGN KEY (`station_id`) REFERENCES `stations` (`station_id`) ON DELETE RESTRICT ON UPDATE CASCADE,
  CONSTRAINT `user_id` FOREIGN KEY (`user_id`) REFERENCES `sys_user` (`user_id`) ON UPDATE CASCADE
) ENGINE=InnoDB AUTO_INCREMENT=30 DEFAULT CHARSET=utf8mb4 COLLATE=utf8mb4_0900_ai_ci;
/*!40101 SET character_set_client = @saved_cs_client */;

--
-- Dumping data for table `accounts`
--

LOCK TABLES `accounts` WRITE;
/*!40000 ALTER TABLE `accounts` DISABLE KEYS */;
INSERT INTO `accounts` VALUES (1,1,1,'hahaha','cq','å¾®ä¿¡å¤§å·','0',0,'2021-07-03 11:51:10','2021-07-08 12:36:58'),(28,1,26,'xixi','xx','æˆ‘å«xixi','0',0,'2021-07-08 09:17:41','2021-07-08 12:30:45'),(29,1,27,'root','','è½¯è·¯ç”±rootè´¦å·','0',0,'2021-07-08 12:25:27','2021-07-08 12:31:54');
/*!40000 ALTER TABLE `accounts` ENABLE KEYS */;
UNLOCK TABLES;

--
-- Table structure for table `gen_table`
--

DROP TABLE IF EXISTS `gen_table`;
/*!40101 SET @saved_cs_client     = @@character_set_client */;
/*!50503 SET character_set_client = utf8mb4 */;
CREATE TABLE `gen_table` (
  `table_id` bigint NOT NULL AUTO_INCREMENT COMMENT 'ç¼–å·',
  `table_name` varchar(200) DEFAULT '' COMMENT 'è¡¨åç§°',
  `table_comment` varchar(500) DEFAULT '' COMMENT 'è¡¨æè¿°',
  `sub_table_name` varchar(64) DEFAULT NULL COMMENT 'å…³è”å­è¡¨çš„è¡¨å',
  `sub_table_fk_name` varchar(64) DEFAULT NULL COMMENT 'å­è¡¨å…³è”çš„å¤–é”®å',
  `class_name` varchar(100) DEFAULT '' COMMENT 'å®ä½“ç±»åç§°',
  `tpl_category` varchar(200) DEFAULT 'crud' COMMENT 'ä½¿ç”¨çš„æ¨¡æ¿ï¼ˆcrudå•è¡¨æ“ä½œ treeæ ‘è¡¨æ“ä½œ subä¸»å­è¡¨æ“ä½œï¼‰',
  `package_name` varchar(100) DEFAULT NULL COMMENT 'ç”ŸæˆåŒ…è·¯å¾„',
  `module_name` varchar(30) DEFAULT NULL COMMENT 'ç”Ÿæˆæ¨¡å—å',
  `business_name` varchar(30) DEFAULT NULL COMMENT 'ç”Ÿæˆä¸šåŠ¡å',
  `function_name` varchar(50) DEFAULT NULL COMMENT 'ç”ŸæˆåŠŸèƒ½å',
  `function_author` varchar(50) DEFAULT NULL COMMENT 'ç”ŸæˆåŠŸèƒ½ä½œè€…',
  `gen_type` char(1) DEFAULT '0' COMMENT 'ç”Ÿæˆä»£ç æ–¹å¼ï¼ˆ0zipå‹ç¼©åŒ… 1è‡ªå®šä¹‰è·¯å¾„ï¼‰',
  `gen_path` varchar(200) DEFAULT '/' COMMENT 'ç”Ÿæˆè·¯å¾„ï¼ˆä¸å¡«é»˜è®¤é¡¹ç›®è·¯å¾„ï¼‰',
  `options` varchar(1000) DEFAULT NULL COMMENT 'å…¶å®ƒç”Ÿæˆé€‰é¡¹',
  `create_by` varchar(64) DEFAULT '' COMMENT 'åˆ›å»ºè€…',
  `create_time` datetime DEFAULT NULL COMMENT 'åˆ›å»ºæ—¶é—´',
  `update_by` varchar(64) DEFAULT '' COMMENT 'æ›´æ–°è€…',
  `update_time` datetime DEFAULT NULL COMMENT 'æ›´æ–°æ—¶é—´',
  `remark` varchar(500) DEFAULT NULL COMMENT 'å¤‡æ³¨',
  PRIMARY KEY (`table_id`)
) ENGINE=InnoDB AUTO_INCREMENT=8 DEFAULT CHARSET=utf8mb3 COMMENT='ä»£ç ç”Ÿæˆä¸šåŠ¡è¡¨';
/*!40101 SET character_set_client = @saved_cs_client */;

--
-- Dumping data for table `gen_table`
--

LOCK TABLES `gen_table` WRITE;
/*!40000 ALTER TABLE `gen_table` DISABLE KEYS */;
INSERT INTO `gen_table` VALUES (5,'stations','ç«™ç‚¹è¡¨','',NULL,'Station','crud','com.ruoyi.usertool','usertool','station','ç«™ç‚¹','ruoyi','0','/','{\"parentMenuId\":\"2000\",\"treeName\":\"\",\"treeParentCode\":\"\",\"parentMenuName\":\"ç”¨æˆ·å·¥å…·\",\"treeCode\":\"\"}','admin','2021-07-02 03:44:11','','2021-07-03 07:40:14',''),(6,'accounts','è´¦æˆ·è¡¨','passwords','account_id','Account','sub','com.ruoyi.usertool','usertool','account','è´¦å¯†ç°¿','ruoyi','0','/','{\"parentMenuId\":\"2000\",\"treeName\":\"\",\"treeParentCode\":\"\",\"parentMenuName\":\"ç”¨æˆ·å·¥å…·\",\"treeCode\":\"\"}','admin','2021-07-03 05:19:02','','2021-07-03 09:07:05',''),(7,'passwords','å¯†ç è¡¨','',NULL,'Password','crud','com.ruoyi.usertool','usertool','password','å¯†ç è¡¨','ruoyi','0','/','{\"parentMenuId\":\"2000\",\"treeName\":\"\",\"treeParentCode\":\"\",\"parentMenuName\":\"ç”¨æˆ·å·¥å…·\",\"treeCode\":\"\"}','admin','2021-07-05 09:59:48','','2021-07-06 01:46:48','');
/*!40000 ALTER TABLE `gen_table` ENABLE KEYS */;
UNLOCK TABLES;

--
-- Table structure for table `gen_table_column`
--

DROP TABLE IF EXISTS `gen_table_column`;
/*!40101 SET @saved_cs_client     = @@character_set_client */;
/*!50503 SET character_set_client = utf8mb4 */;
CREATE TABLE `gen_table_column` (
  `column_id` bigint NOT NULL AUTO_INCREMENT COMMENT 'ç¼–å·',
  `table_id` varchar(64) DEFAULT NULL COMMENT 'å½’å±è¡¨ç¼–å·',
  `column_name` varchar(200) DEFAULT NULL COMMENT 'åˆ—åç§°',
  `column_comment` varchar(500) DEFAULT NULL COMMENT 'åˆ—æè¿°',
  `column_type` varchar(100) DEFAULT NULL COMMENT 'åˆ—ç±»å‹',
  `java_type` varchar(500) DEFAULT NULL COMMENT 'JAVAç±»å‹',
  `java_field` varchar(200) DEFAULT NULL COMMENT 'JAVAå­—æ®µå',
  `is_pk` char(1) DEFAULT NULL COMMENT 'æ˜¯å¦ä¸»é”®ï¼ˆ1æ˜¯ï¼‰',
  `is_increment` char(1) DEFAULT NULL COMMENT 'æ˜¯å¦è‡ªå¢ï¼ˆ1æ˜¯ï¼‰',
  `is_required` char(1) DEFAULT NULL COMMENT 'æ˜¯å¦å¿…å¡«ï¼ˆ1æ˜¯ï¼‰',
  `is_insert` char(1) DEFAULT NULL COMMENT 'æ˜¯å¦ä¸ºæ’å…¥å­—æ®µï¼ˆ1æ˜¯ï¼‰',
  `is_edit` char(1) DEFAULT NULL COMMENT 'æ˜¯å¦ç¼–è¾‘å­—æ®µï¼ˆ1æ˜¯ï¼‰',
  `is_list` char(1) DEFAULT NULL COMMENT 'æ˜¯å¦åˆ—è¡¨å­—æ®µï¼ˆ1æ˜¯ï¼‰',
  `is_query` char(1) DEFAULT NULL COMMENT 'æ˜¯å¦æŸ¥è¯¢å­—æ®µï¼ˆ1æ˜¯ï¼‰',
  `query_type` varchar(200) DEFAULT 'EQ' COMMENT 'æŸ¥è¯¢æ–¹å¼ï¼ˆç­‰äºã€ä¸ç­‰äºã€å¤§äºã€å°äºã€èŒƒå›´ï¼‰',
  `html_type` varchar(200) DEFAULT NULL COMMENT 'æ˜¾ç¤ºç±»å‹ï¼ˆæ–‡æœ¬æ¡†ã€æ–‡æœ¬åŸŸã€ä¸‹æ‹‰æ¡†ã€å¤é€‰æ¡†ã€å•é€‰æ¡†ã€æ—¥æœŸæ§ä»¶ï¼‰',
  `dict_type` varchar(200) DEFAULT '' COMMENT 'å­—å…¸ç±»å‹',
  `sort` int DEFAULT NULL COMMENT 'æ’åº',
  `create_by` varchar(64) DEFAULT '' COMMENT 'åˆ›å»ºè€…',
  `create_time` datetime DEFAULT NULL COMMENT 'åˆ›å»ºæ—¶é—´',
  `update_by` varchar(64) DEFAULT '' COMMENT 'æ›´æ–°è€…',
  `update_time` datetime DEFAULT NULL COMMENT 'æ›´æ–°æ—¶é—´',
  PRIMARY KEY (`column_id`)
) ENGINE=InnoDB AUTO_INCREMENT=65 DEFAULT CHARSET=utf8mb3 COMMENT='ä»£ç ç”Ÿæˆä¸šåŠ¡è¡¨å­—æ®µ';
/*!40101 SET character_set_client = @saved_cs_client */;

--
-- Dumping data for table `gen_table_column`
--

LOCK TABLES `gen_table_column` WRITE;
/*!40000 ALTER TABLE `gen_table_column` DISABLE KEYS */;
INSERT INTO `gen_table_column` VALUES (36,'5','station_id','id','bigint unsigned','Long','stationId','1','0',NULL,NULL,NULL,NULL,NULL,'EQ','input','',1,'admin','2021-07-02 03:44:11',NULL,'2021-07-03 07:40:14'),(37,'5','station_name','ç«™ç‚¹åç§°','varchar(120)','String','stationName','0','0','1','1','1','1','1','LIKE','input','',2,'admin','2021-07-02 03:44:11',NULL,'2021-07-03 07:40:14'),(38,'5','website_url','ç«™ç‚¹ç½‘å€','varchar(250)','String','websiteUrl','0','0',NULL,'1','1','1','1','LIKE','input','',3,'admin','2021-07-02 03:44:11',NULL,'2021-07-03 07:40:14'),(39,'5','app_name','å®¢æˆ·ç«¯å','varchar(120)','String','appName','0','0',NULL,'1','1','1','1','LIKE','input','',4,'admin','2021-07-02 03:44:11',NULL,'2021-07-03 07:40:14'),(40,'5','description','å¤‡æ³¨','varchar(500)','String','description','0','0',NULL,'1','1',NULL,NULL,'LIKE','textarea','',5,'admin','2021-07-02 03:44:11',NULL,'2021-07-03 07:40:14'),(42,'5','deleted','å·²åˆ é™¤','tinyint unsigned','Integer','deleted','0','0',NULL,NULL,NULL,NULL,NULL,'EQ','select','',7,'admin','2021-07-02 03:44:11',NULL,'2021-07-03 07:40:14'),(43,'5','gmt_create','åˆ›å»ºæ—¶é—´','datetime','Date','gmtCreate','0','0',NULL,NULL,NULL,'1','1','EQ','datetime','',8,'admin','2021-07-02 03:44:11',NULL,'2021-07-03 07:40:14'),(44,'5','gmt_modified','ä¿®æ”¹æ—¶é—´','datetime','Date','gmtModified','0','0',NULL,NULL,NULL,'1','1','EQ','datetime','',9,'admin','2021-07-02 03:44:11',NULL,'2021-07-03 07:40:14'),(45,'5','download_url','å®¢æˆ·ç«¯ä¸‹è½½','varchar(250)','String','downloadUrl','0','0',NULL,'1','1','1','1','LIKE','input','',4,'','2021-07-02 04:49:49',NULL,'2021-07-03 07:40:14'),(46,'6','id','id','bigint unsigned','Long','id','1','1',NULL,NULL,NULL,NULL,NULL,'EQ','input','',1,'admin','2021-07-03 05:19:02',NULL,'2021-07-03 09:07:05'),(47,'6','user_id','å½’å±','bigint','Long','userId','0','0','1','1','1','1','1','EQ','select','sys_user_name',2,'admin','2021-07-03 05:19:02',NULL,'2021-07-03 09:07:05'),(48,'6','station_id','ç«™ç‚¹','bigint unsigned','Long','stationId','0','0','1','1','1','1','1','LIKE','select','user_account_manage_station_name',3,'admin','2021-07-03 05:19:02',NULL,'2021-07-03 09:07:05'),(49,'6','account_id','è´¦æˆ·å','varchar(120)','String','accountId','0','0','1','1','1','1','1','LIKE','input','',4,'admin','2021-07-03 05:19:02',NULL,'2021-07-03 09:07:05'),(50,'6','nick_name','è´¦æˆ·æ˜µç§°','varchar(120)','String','nickName','0','0',NULL,'1','1','1','1','LIKE','input','',5,'admin','2021-07-03 05:19:02',NULL,'2021-07-03 09:07:05'),(51,'6','description','å¤‡æ³¨','varchar(500)','String','description','0','0',NULL,'1','1','1','1','EQ','textarea','',6,'admin','2021-07-03 05:19:02',NULL,'2021-07-03 09:07:05'),(52,'6','gmt_create','åˆ›å»ºæ—¶é—´','datetime','Date','gmtCreate','0','0','1',NULL,NULL,'1','1','EQ','datetime','',8,'admin','2021-07-03 05:19:02',NULL,'2021-07-03 09:07:05'),(53,'6','gmt_modified','ä¿®æ”¹æ—¶é—´','datetime','Date','gmtModified','0','0','1',NULL,NULL,'1','1','EQ','datetime','',9,'admin','2021-07-03 05:19:02',NULL,'2021-07-03 09:07:05'),(55,'6','deleted','åˆ é™¤æ ‡è®°','tinyint unsigned','Integer','deleted','0','0',NULL,NULL,NULL,NULL,NULL,'EQ','input','',10,'','2021-07-03 05:34:42',NULL,'2021-07-03 09:07:05'),(56,'5','status','çŠ¶æ€','varchar(100)','String','status','0','0','1','1','1','1','1','EQ','select','user_account_manage_station_status',7,'','2021-07-03 07:35:54',NULL,'2021-07-03 07:40:14'),(57,'6','status','çŠ¶æ€','varchar(100)','String','status','0','0','1','1','1','1','1','EQ','select','user_account_manage_account_status',7,'','2021-07-03 08:40:11',NULL,'2021-07-03 09:07:05'),(58,'7','password_id','id','bigint unsigned','Long','passwordId','1','1',NULL,NULL,NULL,NULL,NULL,'EQ','input','',1,'admin','2021-07-05 09:59:48',NULL,'2021-07-06 01:46:48'),(59,'7','account_id','è´¦å·','bigint unsigned','Long','accountId','0','0',NULL,NULL,NULL,NULL,NULL,'EQ','input','',2,'admin','2021-07-05 09:59:48',NULL,'2021-07-06 01:46:48'),(60,'7','password','å¯†ç ','varchar(200)','String','password','0','0','1','1','1','1','1','EQ','input','',3,'admin','2021-07-05 09:59:48',NULL,'2021-07-06 01:46:48'),(61,'7','status','çŠ¶æ€','varchar(100)','String','status','0','0','1','1','1','1','1','EQ','select','user_account_manage_password_status',4,'admin','2021-07-05 09:59:48',NULL,'2021-07-06 01:46:48'),(62,'7','deleted','é€»è¾‘åˆ é™¤','tinyint unsigned','Integer','deleted','0','0',NULL,NULL,NULL,NULL,NULL,'EQ','input','',5,'admin','2021-07-05 09:59:48',NULL,'2021-07-06 01:46:48'),(63,'7','gmt_create','åˆ›å»ºæ—¶é—´','datetime','Date','gmtCreate','0','0',NULL,NULL,NULL,'1','1','EQ','datetime','',6,'admin','2021-07-05 09:59:48',NULL,'2021-07-06 01:46:48'),(64,'7','gmt_modified','ä¿®æ”¹æ—¶é—´','datetime','Date','gmtModified','0','0',NULL,NULL,NULL,'1','1','EQ','datetime','',7,'admin','2021-07-05 09:59:48',NULL,'2021-07-06 01:46:48');
/*!40000 ALTER TABLE `gen_table_column` ENABLE KEYS */;
UNLOCK TABLES;

--
-- Table structure for table `passwords`
--

DROP TABLE IF EXISTS `passwords`;
/*!40101 SET @saved_cs_client     = @@character_set_client */;
/*!50503 SET character_set_client = utf8mb4 */;
CREATE TABLE `passwords` (
  `password_id` bigint unsigned NOT NULL AUTO_INCREMENT COMMENT 'å¯†ç idï¼šåœ¨æœ¬æ•°æ®åº“ä¸­çš„id',
  `account_id` bigint unsigned NOT NULL COMMENT 'è´¦æˆ·id:table accounts->id',
  `password` varchar(200) NOT NULL COMMENT 'è´¦æˆ·å¯†ç ',
  `status` varchar(100) NOT NULL DEFAULT '0',
  `deleted` tinyint unsigned NOT NULL DEFAULT '0' COMMENT 'æ˜¯å¦è¢«åˆ é™¤ï¼š0æœªåˆ é™¤ï¼Œ1å·²åˆ é™¤',
  `gmt_create` datetime NOT NULL DEFAULT CURRENT_TIMESTAMP COMMENT 'åˆ›å»ºæ—¶é—´',
  `gmt_modified` datetime NOT NULL DEFAULT CURRENT_TIMESTAMP ON UPDATE CURRENT_TIMESTAMP COMMENT 'ä¿®æ”¹æ—¶é—´',
  PRIMARY KEY (`password_id`),
  UNIQUE KEY `password_id_UNIQUE` (`password_id`),
  KEY `account_id_idx` (`account_id`),
  CONSTRAINT `account_id` FOREIGN KEY (`account_id`) REFERENCES `accounts` (`id`) ON UPDATE CASCADE
) ENGINE=InnoDB AUTO_INCREMENT=43 DEFAULT CHARSET=utf8mb4 COLLATE=utf8mb4_0900_ai_ci;
/*!40101 SET character_set_client = @saved_cs_client */;

--
-- Dumping data for table `passwords`
--

LOCK TABLES `passwords` WRITE;
/*!40000 ALTER TABLE `passwords` DISABLE KEYS */;
INSERT INTO `passwords` VALUES (40,29,'vbxclkyure','0',0,'2021-07-08 12:25:27','2021-07-08 12:25:27'),(41,29,'askduewu','1',0,'2021-07-08 12:37:36','2021-07-08 12:37:36'),(42,29,'asekruyh','1',0,'2021-07-08 12:37:43','2021-07-08 12:37:43');
/*!40000 ALTER TABLE `passwords` ENABLE KEYS */;
UNLOCK TABLES;

--
-- Table structure for table `relevance`
--

DROP TABLE IF EXISTS `relevance`;
/*!40101 SET @saved_cs_client     = @@character_set_client */;
/*!50503 SET character_set_client = utf8mb4 */;
CREATE TABLE `relevance` (
  `relevance_id` bigint unsigned NOT NULL AUTO_INCREMENT COMMENT 'å…³è”item idï¼Œæœ¬æ•°æ®åº“',
  `to_account_id` bigint unsigned NOT NULL COMMENT 'å…³è”åˆ°çš„è´¦æˆ·ï¼šaccounts->id',
  `relevance_account_id` bigint unsigned DEFAULT NULL COMMENT 'å…³è”è´¦æˆ·ï¼ŒæŒ‡å‘accountsè¡¨ä¸­çš„æ•°æ®ï¼Œå¯ä»¥ä¸ºç©º',
  `type` varchar(45) NOT NULL COMMENT 'å…³è”ç±»å‹ï¼šå¦‚å¾®ä¿¡ã€QQã€æ‰‹æœºã€é‚®ç®±...',
  `name` varchar(120) NOT NULL COMMENT 'å…³è”è´¦æˆ·çš„idï¼Œå¯¹åº”accounts->account_id',
  `gmt_create` datetime NOT NULL DEFAULT CURRENT_TIMESTAMP COMMENT 'åˆ›å»ºæ—¶é—´',
  `gmt_modified` datetime NOT NULL DEFAULT CURRENT_TIMESTAMP ON UPDATE CURRENT_TIMESTAMP COMMENT 'ä¿®æ”¹æ—¶é—´',
  `deleted` tinyint NOT NULL DEFAULT '0' COMMENT 'æ˜¯å¦åˆ é™¤ï¼š0æœªåˆ é™¤ï¼Œ1å·²åˆ é™¤',
  PRIMARY KEY (`relevance_id`),
  UNIQUE KEY `id_UNIQUE` (`relevance_id`),
  KEY `to_account_id_idx` (`to_account_id`),
  KEY `relevance_account_id_idx` (`relevance_account_id`),
  CONSTRAINT `relevance_account_id` FOREIGN KEY (`relevance_account_id`) REFERENCES `accounts` (`id`) ON DELETE RESTRICT ON UPDATE CASCADE,
  CONSTRAINT `to_account_id` FOREIGN KEY (`to_account_id`) REFERENCES `accounts` (`id`) ON DELETE RESTRICT ON UPDATE CASCADE
) ENGINE=InnoDB DEFAULT CHARSET=utf8mb4 COLLATE=utf8mb4_0900_ai_ci;
/*!40101 SET character_set_client = @saved_cs_client */;

--
-- Dumping data for table `relevance`
--

LOCK TABLES `relevance` WRITE;
/*!40000 ALTER TABLE `relevance` DISABLE KEYS */;
/*!40000 ALTER TABLE `relevance` ENABLE KEYS */;
UNLOCK TABLES;

--
-- Table structure for table `stations`
--

DROP TABLE IF EXISTS `stations`;
/*!40101 SET @saved_cs_client     = @@character_set_client */;
/*!50503 SET character_set_client = utf8mb4 */;
CREATE TABLE `stations` (
  `station_id` bigint unsigned NOT NULL AUTO_INCREMENT COMMENT 'ç«™ç‚¹idï¼ˆæœ¬æ•°æ®åº“ï¼Œè‡ªåŠ¨ç”Ÿæˆï¼‰',
  `station_name` varchar(120) NOT NULL COMMENT 'ç«™ç‚¹åç§°',
  `website_url` varchar(250) DEFAULT NULL COMMENT 'ç«™ç‚¹ç½‘å€',
  `download_url` varchar(250) DEFAULT NULL COMMENT 'ç«™ç‚¹ç½‘å€',
  `app_name` varchar(120) DEFAULT NULL COMMENT 'ç«™ç‚¹appåç§°',
  `description` varchar(500) DEFAULT NULL COMMENT 'æè¿°',
  `status` varchar(100) NOT NULL DEFAULT '0',
  `deleted` tinyint unsigned NOT NULL DEFAULT '0' COMMENT 'åˆ é™¤æ ‡è®°ï¼š0æœªåˆ é™¤ï¼Œ1åˆ é™¤',
  `gmt_create` datetime NOT NULL DEFAULT CURRENT_TIMESTAMP COMMENT 'åˆ›å»ºæ—¶é—´',
  `gmt_modified` datetime NOT NULL DEFAULT CURRENT_TIMESTAMP ON UPDATE CURRENT_TIMESTAMP COMMENT 'ä¿®æ”¹æ—¶é—´',
  PRIMARY KEY (`station_id`,`station_name`),
  UNIQUE KEY `id_UNIQUE` (`station_id`)
) ENGINE=InnoDB AUTO_INCREMENT=28 DEFAULT CHARSET=utf8mb4 COLLATE=utf8mb4_0900_ai_ci;
/*!40101 SET character_set_client = @saved_cs_client */;

--
-- Dumping data for table `stations`
--

LOCK TABLES `stations` WRITE;
/*!40000 ALTER TABLE `stations` DISABLE KEYS */;
INSERT INTO `stations` VALUES (1,'å¾®ä¿¡','https://wx.qq.com/','https://weixin.qq.com/','å¾®ä¿¡','','0',0,'2021-07-02 04:58:55','2021-07-08 10:02:22'),(22,'QQ','https://im.qq.com/index','https://im.qq.com/download','QQ','','1',0,'2021-07-03 08:21:31','2021-07-08 12:43:26'),(25,'outlooké‚®ç®±','https://outlook.live.com/owa/','','outlook','','0',0,'2021-07-03 10:57:53','2021-07-04 02:36:23'),(26,'å“”å“©å“”å“©åŠ¨ç”»','https://www.bilibili.com/','https://app.bilibili.com/','å“”å“©å“”å“©','bilibili','0',0,'2021-07-08 10:05:52','2021-07-08 12:42:33'),(27,'OpenWrt','http://10.10.1.1/','','','è½¯è·¯ç”±','0',0,'2021-07-08 12:23:49','2021-07-08 12:31:41');
/*!40000 ALTER TABLE `stations` ENABLE KEYS */;
UNLOCK TABLES;

--
-- Table structure for table `sys_config`
--

DROP TABLE IF EXISTS `sys_config`;
/*!40101 SET @saved_cs_client     = @@character_set_client */;
/*!50503 SET character_set_client = utf8mb4 */;
CREATE TABLE `sys_config` (
  `config_id` int NOT NULL AUTO_INCREMENT COMMENT 'å‚æ•°ä¸»é”®',
  `config_name` varchar(100) DEFAULT '' COMMENT 'å‚æ•°åç§°',
  `config_key` varchar(100) DEFAULT '' COMMENT 'å‚æ•°é”®å',
  `config_value` varchar(500) DEFAULT '' COMMENT 'å‚æ•°é”®å€¼',
  `config_type` char(1) DEFAULT 'N' COMMENT 'ç³»ç»Ÿå†…ç½®ï¼ˆYæ˜¯ Nå¦ï¼‰',
  `create_by` varchar(64) DEFAULT '' COMMENT 'åˆ›å»ºè€…',
  `create_time` datetime DEFAULT NULL COMMENT 'åˆ›å»ºæ—¶é—´',
  `update_by` varchar(64) DEFAULT '' COMMENT 'æ›´æ–°è€…',
  `update_time` datetime DEFAULT NULL COMMENT 'æ›´æ–°æ—¶é—´',
  `remark` varchar(500) DEFAULT NULL COMMENT 'å¤‡æ³¨',
  PRIMARY KEY (`config_id`)
) ENGINE=InnoDB AUTO_INCREMENT=100 DEFAULT CHARSET=utf8mb3 COMMENT='å‚æ•°é…ç½®è¡¨';
/*!40101 SET character_set_client = @saved_cs_client */;

--
-- Dumping data for table `sys_config`
--

LOCK TABLES `sys_config` WRITE;
/*!40000 ALTER TABLE `sys_config` DISABLE KEYS */;
INSERT INTO `sys_config` VALUES (1,'ä¸»æ¡†æ¶é¡µ-é»˜è®¤çš®è‚¤æ ·å¼åç§°','sys.index.skinName','skin-blue','Y','admin','2021-07-01 11:27:37','',NULL,'è“è‰² skin-blueã€ç»¿è‰² skin-greenã€ç´«è‰² skin-purpleã€çº¢è‰² skin-redã€é»„è‰² skin-yellow'),(2,'ç”¨æˆ·ç®¡ç†-è´¦å·åˆå§‹å¯†ç ','sys.user.initPassword','123456','Y','admin','2021-07-01 11:27:37','',NULL,'åˆå§‹åŒ–å¯†ç  123456'),(3,'ä¸»æ¡†æ¶é¡µ-ä¾§è¾¹æ ä¸»é¢˜','sys.index.sideTheme','theme-dark','Y','admin','2021-07-01 11:27:37','',NULL,'æ·±é»‘ä¸»é¢˜theme-darkï¼Œæµ…è‰²ä¸»é¢˜theme-lightï¼Œæ·±è“ä¸»é¢˜theme-blue'),(4,'è´¦å·è‡ªåŠ©-æ˜¯å¦å¼€å¯ç”¨æˆ·æ³¨å†ŒåŠŸèƒ½','sys.account.registerUser','false','Y','admin','2021-07-01 11:27:37','',NULL,'æ˜¯å¦å¼€å¯æ³¨å†Œç”¨æˆ·åŠŸèƒ½ï¼ˆtrueå¼€å¯ï¼Œfalseå…³é—­ï¼‰'),(5,'ç”¨æˆ·ç®¡ç†-å¯†ç å­—ç¬¦èŒƒå›´','sys.account.chrtype','0','Y','admin','2021-07-01 11:27:37','',NULL,'é»˜è®¤ä»»æ„å­—ç¬¦èŒƒå›´ï¼Œ0ä»»æ„ï¼ˆå¯†ç å¯ä»¥è¾“å…¥ä»»æ„å­—ç¬¦ï¼‰ï¼Œ1æ•°å­—ï¼ˆå¯†ç åªèƒ½ä¸º0-9æ•°å­—ï¼‰ï¼Œ2è‹±æ–‡å­—æ¯ï¼ˆå¯†ç åªèƒ½ä¸ºa-zå’ŒA-Zå­—æ¯ï¼‰ï¼Œ3å­—æ¯å’Œæ•°å­—ï¼ˆå¯†ç å¿…é¡»åŒ…å«å­—æ¯ï¼Œæ•°å­—ï¼‰,4å­—æ¯æ•°å­—å’Œç‰¹æ®Šå­—ç¬¦ï¼ˆç›®å‰æ”¯æŒçš„ç‰¹æ®Šå­—ç¬¦åŒ…æ‹¬ï¼š~!@#$%^&*()-=_+ï¼‰'),(6,'ç”¨æˆ·ç®¡ç†-åˆå§‹å¯†ç ä¿®æ”¹ç­–ç•¥','sys.account.initPasswordModify','0','Y','admin','2021-07-01 11:27:37','',NULL,'0ï¼šåˆå§‹å¯†ç ä¿®æ”¹ç­–ç•¥å…³é—­ï¼Œæ²¡æœ‰ä»»ä½•æç¤ºï¼Œ1ï¼šæé†’ç”¨æˆ·ï¼Œå¦‚æœæœªä¿®æ”¹åˆå§‹å¯†ç ï¼Œåˆ™åœ¨ç™»å½•æ—¶å°±ä¼šæé†’ä¿®æ”¹å¯†ç å¯¹è¯æ¡†'),(7,'ç”¨æˆ·ç®¡ç†-è´¦å·å¯†ç æ›´æ–°å‘¨æœŸ','sys.account.passwordValidateDays','0','Y','admin','2021-07-01 11:27:37','',NULL,'å¯†ç æ›´æ–°å‘¨æœŸï¼ˆå¡«å†™æ•°å­—ï¼Œæ•°æ®åˆå§‹åŒ–å€¼ä¸º0ä¸é™åˆ¶ï¼Œè‹¥ä¿®æ”¹å¿…é¡»ä¸ºå¤§äº0å°äº365çš„æ­£æ•´æ•°ï¼‰ï¼Œå¦‚æœè¶…è¿‡è¿™ä¸ªå‘¨æœŸç™»å½•ç³»ç»Ÿæ—¶ï¼Œåˆ™åœ¨ç™»å½•æ—¶å°±ä¼šæé†’ä¿®æ”¹å¯†ç å¯¹è¯æ¡†'),(8,'ä¸»æ¡†æ¶é¡µ-èœå•å¯¼èˆªæ˜¾ç¤ºé£æ ¼','sys.index.menuStyle','default','Y','admin','2021-07-01 11:27:37','',NULL,'èœå•å¯¼èˆªæ˜¾ç¤ºé£æ ¼ï¼ˆdefaultä¸ºå·¦ä¾§å¯¼èˆªèœå•ï¼Œtopnavä¸ºé¡¶éƒ¨å¯¼èˆªèœå•ï¼‰'),(9,'ä¸»æ¡†æ¶é¡µ-æ˜¯å¦å¼€å¯é¡µè„š','sys.index.ignoreFooter','true','Y','admin','2021-07-01 11:27:37','',NULL,'æ˜¯å¦å¼€å¯åº•éƒ¨é¡µè„šæ˜¾ç¤ºï¼ˆtrueæ˜¾ç¤ºï¼Œfalseéšè—ï¼‰');
/*!40000 ALTER TABLE `sys_config` ENABLE KEYS */;
UNLOCK TABLES;

--
-- Table structure for table `sys_dept`
--

DROP TABLE IF EXISTS `sys_dept`;
/*!40101 SET @saved_cs_client     = @@character_set_client */;
/*!50503 SET character_set_client = utf8mb4 */;
CREATE TABLE `sys_dept` (
  `dept_id` bigint NOT NULL AUTO_INCREMENT COMMENT 'éƒ¨é—¨id',
  `parent_id` bigint DEFAULT '0' COMMENT 'çˆ¶éƒ¨é—¨id',
  `ancestors` varchar(50) DEFAULT '' COMMENT 'ç¥–çº§åˆ—è¡¨',
  `dept_name` varchar(30) DEFAULT '' COMMENT 'éƒ¨é—¨åç§°',
  `order_num` int DEFAULT '0' COMMENT 'æ˜¾ç¤ºé¡ºåº',
  `leader` varchar(20) DEFAULT NULL COMMENT 'è´Ÿè´£äºº',
  `phone` varchar(11) DEFAULT NULL COMMENT 'è”ç³»ç”µè¯',
  `email` varchar(50) DEFAULT NULL COMMENT 'é‚®ç®±',
  `status` char(1) DEFAULT '0' COMMENT 'éƒ¨é—¨çŠ¶æ€ï¼ˆ0æ­£å¸¸ 1åœç”¨ï¼‰',
  `del_flag` char(1) DEFAULT '0' COMMENT 'åˆ é™¤æ ‡å¿—ï¼ˆ0ä»£è¡¨å­˜åœ¨ 2ä»£è¡¨åˆ é™¤ï¼‰',
  `create_by` varchar(64) DEFAULT '' COMMENT 'åˆ›å»ºè€…',
  `create_time` datetime DEFAULT NULL COMMENT 'åˆ›å»ºæ—¶é—´',
  `update_by` varchar(64) DEFAULT '' COMMENT 'æ›´æ–°è€…',
  `update_time` datetime DEFAULT NULL COMMENT 'æ›´æ–°æ—¶é—´',
  PRIMARY KEY (`dept_id`)
) ENGINE=InnoDB AUTO_INCREMENT=200 DEFAULT CHARSET=utf8mb3 COMMENT='éƒ¨é—¨è¡¨';
/*!40101 SET character_set_client = @saved_cs_client */;

--
-- Dumping data for table `sys_dept`
--

LOCK TABLES `sys_dept` WRITE;
/*!40000 ALTER TABLE `sys_dept` DISABLE KEYS */;
INSERT INTO `sys_dept` VALUES (100,0,'0','è‹¥ä¾ç§‘æŠ€',0,'è‹¥ä¾','15888888888','ry@qq.com','0','0','admin','2021-07-01 11:27:34','',NULL),(101,100,'0,100','æ·±åœ³æ€»å…¬å¸',1,'è‹¥ä¾','15888888888','ry@qq.com','0','0','admin','2021-07-01 11:27:34','',NULL),(102,100,'0,100','é•¿æ²™åˆ†å…¬å¸',2,'è‹¥ä¾','15888888888','ry@qq.com','0','0','admin','2021-07-01 11:27:34','',NULL),(103,101,'0,100,101','ç ”å‘éƒ¨é—¨',1,'è‹¥ä¾','15888888888','ry@qq.com','0','0','admin','2021-07-01 11:27:34','',NULL),(104,101,'0,100,101','å¸‚åœºéƒ¨é—¨',2,'è‹¥ä¾','15888888888','ry@qq.com','0','0','admin','2021-07-01 11:27:34','',NULL),(105,101,'0,100,101','æµ‹è¯•éƒ¨é—¨',3,'è‹¥ä¾','15888888888','ry@qq.com','0','0','admin','2021-07-01 11:27:34','',NULL),(106,101,'0,100,101','è´¢åŠ¡éƒ¨é—¨',4,'è‹¥ä¾','15888888888','ry@qq.com','0','0','admin','2021-07-01 11:27:34','',NULL),(107,101,'0,100,101','è¿ç»´éƒ¨é—¨',5,'è‹¥ä¾','15888888888','ry@qq.com','0','0','admin','2021-07-01 11:27:34','',NULL),(108,102,'0,100,102','å¸‚åœºéƒ¨é—¨',1,'è‹¥ä¾','15888888888','ry@qq.com','0','0','admin','2021-07-01 11:27:34','',NULL),(109,102,'0,100,102','è´¢åŠ¡éƒ¨é—¨',2,'è‹¥ä¾','15888888888','ry@qq.com','0','0','admin','2021-07-01 11:27:34','',NULL);
/*!40000 ALTER TABLE `sys_dept` ENABLE KEYS */;
UNLOCK TABLES;

--
-- Table structure for table `sys_dict_data`
--

DROP TABLE IF EXISTS `sys_dict_data`;
/*!40101 SET @saved_cs_client     = @@character_set_client */;
/*!50503 SET character_set_client = utf8mb4 */;
CREATE TABLE `sys_dict_data` (
  `dict_code` bigint NOT NULL AUTO_INCREMENT COMMENT 'å­—å…¸ç¼–ç ',
  `dict_sort` int DEFAULT '0' COMMENT 'å­—å…¸æ’åº',
  `dict_label` varchar(100) DEFAULT '' COMMENT 'å­—å…¸æ ‡ç­¾',
  `dict_value` varchar(100) DEFAULT '' COMMENT 'å­—å…¸é”®å€¼',
  `dict_type` varchar(100) DEFAULT '' COMMENT 'å­—å…¸ç±»å‹',
  `css_class` varchar(100) DEFAULT NULL COMMENT 'æ ·å¼å±æ€§ï¼ˆå…¶ä»–æ ·å¼æ‰©å±•ï¼‰',
  `list_class` varchar(100) DEFAULT NULL COMMENT 'è¡¨æ ¼å›æ˜¾æ ·å¼',
  `is_default` char(1) DEFAULT 'N' COMMENT 'æ˜¯å¦é»˜è®¤ï¼ˆYæ˜¯ Nå¦ï¼‰',
  `status` char(1) DEFAULT '0' COMMENT 'çŠ¶æ€ï¼ˆ0æ­£å¸¸ 1åœç”¨ï¼‰',
  `create_by` varchar(64) DEFAULT '' COMMENT 'åˆ›å»ºè€…',
  `create_time` datetime DEFAULT NULL COMMENT 'åˆ›å»ºæ—¶é—´',
  `update_by` varchar(64) DEFAULT '' COMMENT 'æ›´æ–°è€…',
  `update_time` datetime DEFAULT NULL COMMENT 'æ›´æ–°æ—¶é—´',
  `remark` varchar(500) DEFAULT NULL COMMENT 'å¤‡æ³¨',
  PRIMARY KEY (`dict_code`)
) ENGINE=InnoDB AUTO_INCREMENT=110 DEFAULT CHARSET=utf8mb3 COMMENT='å­—å…¸æ•°æ®è¡¨';
/*!40101 SET character_set_client = @saved_cs_client */;

--
-- Dumping data for table `sys_dict_data`
--

LOCK TABLES `sys_dict_data` WRITE;
/*!40000 ALTER TABLE `sys_dict_data` DISABLE KEYS */;
INSERT INTO `sys_dict_data` VALUES (1,1,'ç”·','0','sys_user_sex','','','Y','0','admin','2021-07-01 11:27:36','',NULL,'æ€§åˆ«ç”·'),(2,2,'å¥³','1','sys_user_sex','','','N','0','admin','2021-07-01 11:27:36','',NULL,'æ€§åˆ«å¥³'),(3,3,'æœªçŸ¥','2','sys_user_sex','','','N','0','admin','2021-07-01 11:27:36','',NULL,'æ€§åˆ«æœªçŸ¥'),(4,1,'æ˜¾ç¤º','0','sys_show_hide','','primary','Y','0','admin','2021-07-01 11:27:36','',NULL,'æ˜¾ç¤ºèœå•'),(5,2,'éšè—','1','sys_show_hide','','danger','N','0','admin','2021-07-01 11:27:36','',NULL,'éšè—èœå•'),(6,1,'æ­£å¸¸','0','sys_normal_disable','','primary','Y','0','admin','2021-07-01 11:27:36','',NULL,'æ­£å¸¸çŠ¶æ€'),(7,2,'åœç”¨','1','sys_normal_disable','','danger','N','0','admin','2021-07-01 11:27:36','',NULL,'åœç”¨çŠ¶æ€'),(8,1,'æ­£å¸¸','0','sys_job_status','','primary','Y','0','admin','2021-07-01 11:27:36','',NULL,'æ­£å¸¸çŠ¶æ€'),(9,2,'æš‚åœ','1','sys_job_status','','danger','N','0','admin','2021-07-01 11:27:36','',NULL,'åœç”¨çŠ¶æ€'),(10,1,'é»˜è®¤','DEFAULT','sys_job_group','','','Y','0','admin','2021-07-01 11:27:36','',NULL,'é»˜è®¤åˆ†ç»„'),(11,2,'ç³»ç»Ÿ','SYSTEM','sys_job_group','','','N','0','admin','2021-07-01 11:27:36','',NULL,'ç³»ç»Ÿåˆ†ç»„'),(12,1,'æ˜¯','Y','sys_yes_no','','primary','Y','0','admin','2021-07-01 11:27:36','',NULL,'ç³»ç»Ÿé»˜è®¤æ˜¯'),(13,2,'å¦','N','sys_yes_no','','danger','N','0','admin','2021-07-01 11:27:36','',NULL,'ç³»ç»Ÿé»˜è®¤å¦'),(14,1,'é€šçŸ¥','1','sys_notice_type','','warning','Y','0','admin','2021-07-01 11:27:36','',NULL,'é€šçŸ¥'),(15,2,'å…¬å‘Š','2','sys_notice_type','','success','N','0','admin','2021-07-01 11:27:36','',NULL,'å…¬å‘Š'),(16,1,'æ­£å¸¸','0','sys_notice_status','','primary','Y','0','admin','2021-07-01 11:27:36','',NULL,'æ­£å¸¸çŠ¶æ€'),(17,2,'å…³é—­','1','sys_notice_status','','danger','N','0','admin','2021-07-01 11:27:36','',NULL,'å…³é—­çŠ¶æ€'),(18,99,'å…¶ä»–','0','sys_oper_type','','info','N','0','admin','2021-07-01 11:27:36','',NULL,'å…¶ä»–æ“ä½œ'),(19,1,'æ–°å¢','1','sys_oper_type','','info','N','0','admin','2021-07-01 11:27:36','',NULL,'æ–°å¢æ“ä½œ'),(20,2,'ä¿®æ”¹','2','sys_oper_type','','info','N','0','admin','2021-07-01 11:27:36','',NULL,'ä¿®æ”¹æ“ä½œ'),(21,3,'åˆ é™¤','3','sys_oper_type','','danger','N','0','admin','2021-07-01 11:27:36','',NULL,'åˆ é™¤æ“ä½œ'),(22,4,'æˆæƒ','4','sys_oper_type','','primary','N','0','admin','2021-07-01 11:27:36','',NULL,'æˆæƒæ“ä½œ'),(23,5,'å¯¼å‡º','5','sys_oper_type','','warning','N','0','admin','2021-07-01 11:27:36','',NULL,'å¯¼å‡ºæ“ä½œ'),(24,6,'å¯¼å…¥','6','sys_oper_type','','warning','N','0','admin','2021-07-01 11:27:37','',NULL,'å¯¼å…¥æ“ä½œ'),(25,7,'å¼ºé€€','7','sys_oper_type','','danger','N','0','admin','2021-07-01 11:27:37','',NULL,'å¼ºé€€æ“ä½œ'),(26,8,'ç”Ÿæˆä»£ç ','8','sys_oper_type','','warning','N','0','admin','2021-07-01 11:27:37','',NULL,'ç”Ÿæˆæ“ä½œ'),(27,9,'æ¸…ç©ºæ•°æ®','9','sys_oper_type','','danger','N','0','admin','2021-07-01 11:27:37','',NULL,'æ¸…ç©ºæ“ä½œ'),(28,1,'æˆåŠŸ','0','sys_common_status','','primary','N','0','admin','2021-07-01 11:27:37','',NULL,'æ­£å¸¸çŠ¶æ€'),(29,2,'å¤±è´¥','1','sys_common_status','','danger','N','0','admin','2021-07-01 11:27:37','',NULL,'åœç”¨çŠ¶æ€'),(100,1,'è¿è¥','0','user_account_manage_station_status','','primary','Y','0','admin','2021-07-03 07:02:39','admin','2021-07-03 07:03:07','è¿è¥çŠ¶æ€'),(101,1,'ä¸‹çº¿','1','user_account_manage_station_status','','danger','N','0','admin','2021-07-03 07:04:27','admin','2021-07-03 10:29:27','ä¸‹çº¿çŠ¶æ€'),(102,1,'æ­£å¸¸','0','user_account_manage_account_status',NULL,'primary','Y','0','admin','2021-07-03 07:05:27','',NULL,'è´¦æˆ·æ­£å¸¸'),(103,2,'å°ç¦','1','user_account_manage_account_status',NULL,'warning','N','0','admin','2021-07-03 07:06:13','',NULL,'è´¦æˆ·è¢«å°ç¦'),(104,3,'æ³¨é”€','2','user_account_manage_account_status',NULL,'danger','N','0','admin','2021-07-03 07:06:47','',NULL,'è´¦æˆ·å·²æ³¨é”€'),(105,0,'outlooké‚®ç®±1','25','user_account_manage_station_name','','','N','0','','2021-07-03 10:58:23','admin','2021-07-03 11:08:53',''),(106,1,'æ­£å¸¸','0','user_account_manage_password_status','','primary','Y','0','admin','2021-07-04 07:06:13','admin','2021-07-04 07:07:41','æ­£å¸¸'),(107,2,'è¿‡æœŸ','1','user_account_manage_password_status','','danger','Y','0','admin','2021-07-04 07:07:33','admin','2021-07-04 07:07:48','å·²è¿‡æœŸ'),(108,0,'å“”å“©å“”å“©åŠ¨ç”»','26','user_account_manage_station_name',NULL,NULL,'N','0','','2021-07-08 10:05:52','',NULL,NULL),(109,0,'OpenWrt-01','27','user_account_manage_station_name',NULL,NULL,'N','0','','2021-07-08 12:23:49','',NULL,NULL);
/*!40000 ALTER TABLE `sys_dict_data` ENABLE KEYS */;
UNLOCK TABLES;

--
-- Table structure for table `sys_dict_type`
--

DROP TABLE IF EXISTS `sys_dict_type`;
/*!40101 SET @saved_cs_client     = @@character_set_client */;
/*!50503 SET character_set_client = utf8mb4 */;
CREATE TABLE `sys_dict_type` (
  `dict_id` bigint NOT NULL AUTO_INCREMENT COMMENT 'å­—å…¸ä¸»é”®',
  `dict_name` varchar(100) DEFAULT '' COMMENT 'å­—å…¸åç§°',
  `dict_type` varchar(100) DEFAULT '' COMMENT 'å­—å…¸ç±»å‹',
  `status` char(1) DEFAULT '0' COMMENT 'çŠ¶æ€ï¼ˆ0æ­£å¸¸ 1åœç”¨ï¼‰',
  `create_by` varchar(64) DEFAULT '' COMMENT 'åˆ›å»ºè€…',
  `create_time` datetime DEFAULT NULL COMMENT 'åˆ›å»ºæ—¶é—´',
  `update_by` varchar(64) DEFAULT '' COMMENT 'æ›´æ–°è€…',
  `update_time` datetime DEFAULT NULL COMMENT 'æ›´æ–°æ—¶é—´',
  `remark` varchar(500) DEFAULT NULL COMMENT 'å¤‡æ³¨',
  PRIMARY KEY (`dict_id`),
  UNIQUE KEY `dict_type` (`dict_type`)
) ENGINE=InnoDB AUTO_INCREMENT=105 DEFAULT CHARSET=utf8mb3 COMMENT='å­—å…¸ç±»å‹è¡¨';
/*!40101 SET character_set_client = @saved_cs_client */;

--
-- Dumping data for table `sys_dict_type`
--

LOCK TABLES `sys_dict_type` WRITE;
/*!40000 ALTER TABLE `sys_dict_type` DISABLE KEYS */;
INSERT INTO `sys_dict_type` VALUES (1,'ç”¨æˆ·æ€§åˆ«','sys_user_sex','0','admin','2021-07-01 11:27:36','',NULL,'ç”¨æˆ·æ€§åˆ«åˆ—è¡¨'),(2,'èœå•çŠ¶æ€','sys_show_hide','0','admin','2021-07-01 11:27:36','',NULL,'èœå•çŠ¶æ€åˆ—è¡¨'),(3,'ç³»ç»Ÿå¼€å…³','sys_normal_disable','0','admin','2021-07-01 11:27:36','',NULL,'ç³»ç»Ÿå¼€å…³åˆ—è¡¨'),(4,'ä»»åŠ¡çŠ¶æ€','sys_job_status','0','admin','2021-07-01 11:27:36','',NULL,'ä»»åŠ¡çŠ¶æ€åˆ—è¡¨'),(5,'ä»»åŠ¡åˆ†ç»„','sys_job_group','0','admin','2021-07-01 11:27:36','',NULL,'ä»»åŠ¡åˆ†ç»„åˆ—è¡¨'),(6,'ç³»ç»Ÿæ˜¯å¦','sys_yes_no','0','admin','2021-07-01 11:27:36','',NULL,'ç³»ç»Ÿæ˜¯å¦åˆ—è¡¨'),(7,'é€šçŸ¥ç±»å‹','sys_notice_type','0','admin','2021-07-01 11:27:36','',NULL,'é€šçŸ¥ç±»å‹åˆ—è¡¨'),(8,'é€šçŸ¥çŠ¶æ€','sys_notice_status','0','admin','2021-07-01 11:27:36','',NULL,'é€šçŸ¥çŠ¶æ€åˆ—è¡¨'),(9,'æ“ä½œç±»å‹','sys_oper_type','0','admin','2021-07-01 11:27:36','',NULL,'æ“ä½œç±»å‹åˆ—è¡¨'),(10,'ç³»ç»ŸçŠ¶æ€','sys_common_status','0','admin','2021-07-01 11:27:36','',NULL,'ç™»å½•çŠ¶æ€åˆ—è¡¨'),(100,'ç”¨æˆ·å','sys_user_name','0','admin','2021-07-03 05:22:09','',NULL,'ç”¨æˆ·ååˆ—è¡¨'),(101,'ç«™ç‚¹å','user_account_manage_station_name','0','admin','2021-07-03 05:23:04','admin','2021-07-03 05:24:40','ç«™ç‚¹ååˆ—è¡¨'),(102,'è´¦æˆ·çŠ¶æ€','user_account_manage_account_status','0','admin','2021-07-03 05:36:22','admin','2021-07-03 05:36:41','è´¦æˆ·çŠ¶æ€åˆ—è¡¨'),(103,'ç«™ç‚¹çŠ¶æ€','user_account_manage_station_status','0','admin','2021-07-03 06:59:57','admin','2021-07-04 07:05:35','ç«™ç‚¹çŠ¶æ€åˆ—è¡¨'),(104,'å¯†ç çŠ¶æ€','user_account_manage_password_status','0','admin','2021-07-04 07:05:21','admin','2021-07-04 07:05:29','å¯†ç çŠ¶æ€åˆ—è¡¨');
/*!40000 ALTER TABLE `sys_dict_type` ENABLE KEYS */;
UNLOCK TABLES;

--
-- Table structure for table `sys_job`
--

DROP TABLE IF EXISTS `sys_job`;
/*!40101 SET @saved_cs_client     = @@character_set_client */;
/*!50503 SET character_set_client = utf8mb4 */;
CREATE TABLE `sys_job` (
  `job_id` bigint NOT NULL AUTO_INCREMENT COMMENT 'ä»»åŠ¡ID',
  `job_name` varchar(64) NOT NULL DEFAULT '' COMMENT 'ä»»åŠ¡åç§°',
  `job_group` varchar(64) NOT NULL DEFAULT 'DEFAULT' COMMENT 'ä»»åŠ¡ç»„å',
  `invoke_target` varchar(500) NOT NULL COMMENT 'è°ƒç”¨ç›®æ ‡å­—ç¬¦ä¸²',
  `cron_expression` varchar(255) DEFAULT '' COMMENT 'cronæ‰§è¡Œè¡¨è¾¾å¼',
  `misfire_policy` varchar(20) DEFAULT '3' COMMENT 'è®¡åˆ’æ‰§è¡Œé”™è¯¯ç­–ç•¥ï¼ˆ1ç«‹å³æ‰§è¡Œ 2æ‰§è¡Œä¸€æ¬¡ 3æ”¾å¼ƒæ‰§è¡Œï¼‰',
  `concurrent` char(1) DEFAULT '1' COMMENT 'æ˜¯å¦å¹¶å‘æ‰§è¡Œï¼ˆ0å…è®¸ 1ç¦æ­¢ï¼‰',
  `status` char(1) DEFAULT '0' COMMENT 'çŠ¶æ€ï¼ˆ0æ­£å¸¸ 1æš‚åœï¼‰',
  `create_by` varchar(64) DEFAULT '' COMMENT 'åˆ›å»ºè€…',
  `create_time` datetime DEFAULT NULL COMMENT 'åˆ›å»ºæ—¶é—´',
  `update_by` varchar(64) DEFAULT '' COMMENT 'æ›´æ–°è€…',
  `update_time` datetime DEFAULT NULL COMMENT 'æ›´æ–°æ—¶é—´',
  `remark` varchar(500) DEFAULT '' COMMENT 'å¤‡æ³¨ä¿¡æ¯',
  PRIMARY KEY (`job_id`,`job_name`,`job_group`)
) ENGINE=InnoDB AUTO_INCREMENT=100 DEFAULT CHARSET=utf8mb3 COMMENT='å®šæ—¶ä»»åŠ¡è°ƒåº¦è¡¨';
/*!40101 SET character_set_client = @saved_cs_client */;

--
-- Dumping data for table `sys_job`
--

LOCK TABLES `sys_job` WRITE;
/*!40000 ALTER TABLE `sys_job` DISABLE KEYS */;
INSERT INTO `sys_job` VALUES (1,'ç³»ç»Ÿé»˜è®¤ï¼ˆæ— å‚ï¼‰','DEFAULT','ryTask.ryNoParams','0/10 * * * * ?','3','1','1','admin','2021-07-01 11:27:37','',NULL,''),(2,'ç³»ç»Ÿé»˜è®¤ï¼ˆæœ‰å‚ï¼‰','DEFAULT','ryTask.ryParams(\'ry\')','0/15 * * * * ?','3','1','1','admin','2021-07-01 11:27:37','',NULL,''),(3,'ç³»ç»Ÿé»˜è®¤ï¼ˆå¤šå‚ï¼‰','DEFAULT','ryTask.ryMultipleParams(\'ry\', true, 2000L, 316.50D, 100)','0/20 * * * * ?','3','1','1','admin','2021-07-01 11:27:37','',NULL,'');
/*!40000 ALTER TABLE `sys_job` ENABLE KEYS */;
UNLOCK TABLES;

--
-- Table structure for table `sys_job_log`
--

DROP TABLE IF EXISTS `sys_job_log`;
/*!40101 SET @saved_cs_client     = @@character_set_client */;
/*!50503 SET character_set_client = utf8mb4 */;
CREATE TABLE `sys_job_log` (
  `job_log_id` bigint NOT NULL AUTO_INCREMENT COMMENT 'ä»»åŠ¡æ—¥å¿—ID',
  `job_name` varchar(64) NOT NULL COMMENT 'ä»»åŠ¡åç§°',
  `job_group` varchar(64) NOT NULL COMMENT 'ä»»åŠ¡ç»„å',
  `invoke_target` varchar(500) NOT NULL COMMENT 'è°ƒç”¨ç›®æ ‡å­—ç¬¦ä¸²',
  `job_message` varchar(500) DEFAULT NULL COMMENT 'æ—¥å¿—ä¿¡æ¯',
  `status` char(1) DEFAULT '0' COMMENT 'æ‰§è¡ŒçŠ¶æ€ï¼ˆ0æ­£å¸¸ 1å¤±è´¥ï¼‰',
  `exception_info` varchar(2000) DEFAULT '' COMMENT 'å¼‚å¸¸ä¿¡æ¯',
  `create_time` datetime DEFAULT NULL COMMENT 'åˆ›å»ºæ—¶é—´',
  PRIMARY KEY (`job_log_id`)
) ENGINE=InnoDB DEFAULT CHARSET=utf8mb3 COMMENT='å®šæ—¶ä»»åŠ¡è°ƒåº¦æ—¥å¿—è¡¨';
/*!40101 SET character_set_client = @saved_cs_client */;

--
-- Dumping data for table `sys_job_log`
--

LOCK TABLES `sys_job_log` WRITE;
/*!40000 ALTER TABLE `sys_job_log` DISABLE KEYS */;
/*!40000 ALTER TABLE `sys_job_log` ENABLE KEYS */;
UNLOCK TABLES;

--
-- Table structure for table `sys_logininfor`
--

DROP TABLE IF EXISTS `sys_logininfor`;
/*!40101 SET @saved_cs_client     = @@character_set_client */;
/*!50503 SET character_set_client = utf8mb4 */;
CREATE TABLE `sys_logininfor` (
  `info_id` bigint NOT NULL AUTO_INCREMENT COMMENT 'è®¿é—®ID',
  `login_name` varchar(50) DEFAULT '' COMMENT 'ç™»å½•è´¦å·',
  `ipaddr` varchar(128) DEFAULT '' COMMENT 'ç™»å½•IPåœ°å€',
  `login_location` varchar(255) DEFAULT '' COMMENT 'ç™»å½•åœ°ç‚¹',
  `browser` varchar(50) DEFAULT '' COMMENT 'æµè§ˆå™¨ç±»å‹',
  `os` varchar(50) DEFAULT '' COMMENT 'æ“ä½œç³»ç»Ÿ',
  `status` char(1) DEFAULT '0' COMMENT 'ç™»å½•çŠ¶æ€ï¼ˆ0æˆåŠŸ 1å¤±è´¥ï¼‰',
  `msg` varchar(255) DEFAULT '' COMMENT 'æç¤ºæ¶ˆæ¯',
  `login_time` datetime DEFAULT NULL COMMENT 'è®¿é—®æ—¶é—´',
  PRIMARY KEY (`info_id`)
) ENGINE=InnoDB AUTO_INCREMENT=321 DEFAULT CHARSET=utf8mb3 COMMENT='ç³»ç»Ÿè®¿é—®è®°å½•';
/*!40101 SET character_set_client = @saved_cs_client */;

--
-- Dumping data for table `sys_logininfor`
--

LOCK TABLES `sys_logininfor` WRITE;
/*!40000 ALTER TABLE `sys_logininfor` DISABLE KEYS */;
INSERT INTO `sys_logininfor` VALUES (100,'admin','127.0.0.1','å†…ç½‘IP','Chrome 9','Windows 10','0','ç™»å½•æˆåŠŸ','2021-07-01 11:30:52'),(101,'admin','127.0.0.1','å†…ç½‘IP','Chrome 9','Windows 10','0','ç™»å½•æˆåŠŸ','2021-07-01 12:32:45'),(102,'admin','127.0.0.1','å†…ç½‘IP','Chrome 9','Windows 10','0','ç™»å½•æˆåŠŸ','2021-07-02 02:14:11'),(103,'admin','127.0.0.1','å†…ç½‘IP','Chrome 9','Windows 10','0','é€€å‡ºæˆåŠŸ','2021-07-02 02:25:14'),(104,'admin','127.0.0.1','å†…ç½‘IP','Chrome 9','Windows 10','0','ç™»å½•æˆåŠŸ','2021-07-02 02:25:30'),(105,'admin','127.0.0.1','å†…ç½‘IP','Chrome 9','Windows 10','0','é€€å‡ºæˆåŠŸ','2021-07-02 02:32:49'),(106,'admin','127.0.0.1','å†…ç½‘IP','Chrome 9','Windows 10','1','ç”¨æˆ·ä¸å­˜åœ¨/å¯†ç é”™è¯¯','2021-07-02 02:35:14'),(107,'WChQ','127.0.0.1','å†…ç½‘IP','Chrome 9','Windows 10','1','å¯†ç è¾“å…¥é”™è¯¯1æ¬¡','2021-07-02 02:35:24'),(108,'WChQ','127.0.0.1','å†…ç½‘IP','Chrome 9','Windows 10','1','éªŒè¯ç é”™è¯¯','2021-07-02 02:35:40'),(109,'WChQ','127.0.0.1','å†…ç½‘IP','Chrome 9','Windows 10','1','å¯†ç è¾“å…¥é”™è¯¯2æ¬¡','2021-07-02 02:35:44'),(110,'admin','127.0.0.1','å†…ç½‘IP','Chrome 9','Windows 10','0','ç™»å½•æˆåŠŸ','2021-07-02 02:36:05'),(111,'admin','127.0.0.1','å†…ç½‘IP','Chrome 9','Windows 10','1','å¯†ç è¾“å…¥é”™è¯¯1æ¬¡','2021-07-02 04:31:41'),(112,'admin','127.0.0.1','å†…ç½‘IP','Chrome 9','Windows 10','1','éªŒè¯ç é”™è¯¯','2021-07-02 04:31:48'),(113,'admin','127.0.0.1','å†…ç½‘IP','Chrome 9','Windows 10','0','ç™»å½•æˆåŠŸ','2021-07-02 04:31:52'),(114,'admin','127.0.0.1','å†…ç½‘IP','Chrome 9','Windows 10','0','ç™»å½•æˆåŠŸ','2021-07-02 04:58:16'),(115,'admin','127.0.0.1','å†…ç½‘IP','Chrome 9','Windows 10','0','ç™»å½•æˆåŠŸ','2021-07-02 05:12:42'),(116,'admin','127.0.0.1','å†…ç½‘IP','Chrome 9','Windows 10','0','ç™»å½•æˆåŠŸ','2021-07-02 05:13:59'),(117,'admin','127.0.0.1','å†…ç½‘IP','Chrome 9','Windows 10','0','ç™»å½•æˆåŠŸ','2021-07-02 05:52:03'),(118,'admin','127.0.0.1','å†…ç½‘IP','Chrome 9','Windows 10','0','ç™»å½•æˆåŠŸ','2021-07-02 06:20:58'),(119,'admin','127.0.0.1','å†…ç½‘IP','Chrome 9','Windows 10','0','ç™»å½•æˆåŠŸ','2021-07-02 06:26:45'),(120,'admin','127.0.0.1','å†…ç½‘IP','Chrome 9','Windows 10','0','ç™»å½•æˆåŠŸ','2021-07-02 06:28:12'),(121,'admin','127.0.0.1','å†…ç½‘IP','Chrome 9','Windows 10','0','ç™»å½•æˆåŠŸ','2021-07-02 06:50:49'),(122,'admin','127.0.0.1','å†…ç½‘IP','Chrome 9','Windows 10','1','éªŒè¯ç é”™è¯¯','2021-07-02 06:52:53'),(123,'admin','127.0.0.1','å†…ç½‘IP','Chrome 9','Windows 10','0','ç™»å½•æˆåŠŸ','2021-07-02 06:52:56'),(124,'admin','127.0.0.1','å†…ç½‘IP','Chrome 9','Windows 10','0','ç™»å½•æˆåŠŸ','2021-07-02 07:41:41'),(125,'admin','127.0.0.1','å†…ç½‘IP','Chrome 9','Windows 10','0','ç™»å½•æˆåŠŸ','2021-07-02 07:50:57'),(126,'admin','127.0.0.1','å†…ç½‘IP','Chrome 9','Windows 10','0','ç™»å½•æˆåŠŸ','2021-07-02 08:14:31'),(127,'admin','127.0.0.1','å†…ç½‘IP','Chrome 9','Windows 10','0','ç™»å½•æˆåŠŸ','2021-07-02 08:15:39'),(128,'admin','127.0.0.1','å†…ç½‘IP','Chrome 9','Windows 10','0','ç™»å½•æˆåŠŸ','2021-07-02 08:25:55'),(129,'admin','127.0.0.1','å†…ç½‘IP','Chrome 9','Windows 10','0','ç™»å½•æˆåŠŸ','2021-07-02 08:31:38'),(130,'admin','127.0.0.1','å†…ç½‘IP','Chrome 9','Windows 10','0','ç™»å½•æˆåŠŸ','2021-07-02 09:05:06'),(131,'admin','127.0.0.1','å†…ç½‘IP','Chrome 9','Windows 10','0','ç™»å½•æˆåŠŸ','2021-07-02 09:47:25'),(132,'admin','127.0.0.1','å†…ç½‘IP','Chrome 9','Windows 10','0','ç™»å½•æˆåŠŸ','2021-07-02 10:05:10'),(133,'admin','127.0.0.1','å†…ç½‘IP','Chrome 9','Windows 10','1','éªŒè¯ç é”™è¯¯','2021-07-02 10:18:44'),(134,'admin','127.0.0.1','å†…ç½‘IP','Chrome 9','Windows 10','0','ç™»å½•æˆåŠŸ','2021-07-02 10:18:49'),(135,'admin','127.0.0.1','å†…ç½‘IP','Chrome 9','Windows 10','0','ç™»å½•æˆåŠŸ','2021-07-02 12:04:46'),(136,'admin','127.0.0.1','å†…ç½‘IP','Chrome 9','Windows 10','0','ç™»å½•æˆåŠŸ','2021-07-02 12:11:04'),(137,'admin','127.0.0.1','å†…ç½‘IP','Chrome 9','Windows 10','0','ç™»å½•æˆåŠŸ','2021-07-02 13:56:49'),(138,'admin','127.0.0.1','å†…ç½‘IP','Chrome 9','Windows 10','0','ç™»å½•æˆåŠŸ','2021-07-02 14:08:51'),(139,'admin','127.0.0.1','å†…ç½‘IP','Chrome 9','Windows 10','1','éªŒè¯ç é”™è¯¯','2021-07-02 14:31:34'),(140,'admin','127.0.0.1','å†…ç½‘IP','Chrome 9','Windows 10','0','ç™»å½•æˆåŠŸ','2021-07-02 14:31:37'),(141,'admin','127.0.0.1','å†…ç½‘IP','Chrome 9','Windows 10','0','ç™»å½•æˆåŠŸ','2021-07-03 01:08:21'),(142,'admin','127.0.0.1','å†…ç½‘IP','Chrome 9','Windows 10','0','ç™»å½•æˆåŠŸ','2021-07-03 01:09:56'),(143,'admin','127.0.0.1','å†…ç½‘IP','Chrome 9','Windows 10','0','ç™»å½•æˆåŠŸ','2021-07-03 02:34:28'),(144,'admin','127.0.0.1','å†…ç½‘IP','Chrome 9','Windows 10','0','ç™»å½•æˆåŠŸ','2021-07-03 02:38:01'),(145,'admin','127.0.0.1','å†…ç½‘IP','Chrome 9','Windows 10','0','ç™»å½•æˆåŠŸ','2021-07-03 02:52:30'),(146,'admin','127.0.0.1','å†…ç½‘IP','Chrome 9','Windows 10','0','ç™»å½•æˆåŠŸ','2021-07-03 03:13:45'),(147,'admin','127.0.0.1','å†…ç½‘IP','Chrome 9','Windows 10','0','ç™»å½•æˆåŠŸ','2021-07-03 03:20:48'),(148,'admin','127.0.0.1','å†…ç½‘IP','Chrome 9','Windows 10','1','éªŒè¯ç é”™è¯¯','2021-07-03 03:21:52'),(149,'admin','127.0.0.1','å†…ç½‘IP','Chrome 9','Windows 10','0','ç™»å½•æˆåŠŸ','2021-07-03 03:21:54'),(150,'admin','127.0.0.1','å†…ç½‘IP','Chrome 9','Windows 10','0','ç™»å½•æˆåŠŸ','2021-07-03 03:22:31'),(151,'admin','127.0.0.1','å†…ç½‘IP','Chrome 9','Windows 10','0','ç™»å½•æˆåŠŸ','2021-07-03 05:07:53'),(152,'admin','127.0.0.1','å†…ç½‘IP','Chrome 9','Windows 10','0','ç™»å½•æˆåŠŸ','2021-07-03 06:55:30'),(153,'admin','127.0.0.1','å†…ç½‘IP','Chrome 9','Windows 10','0','ç™»å½•æˆåŠŸ','2021-07-03 07:15:10'),(154,'admin','127.0.0.1','å†…ç½‘IP','Chrome 9','Windows 10','0','ç™»å½•æˆåŠŸ','2021-07-03 07:24:54'),(155,'admin','127.0.0.1','å†…ç½‘IP','Chrome 9','Windows 10','0','ç™»å½•æˆåŠŸ','2021-07-03 07:27:03'),(156,'admin','127.0.0.1','å†…ç½‘IP','Chrome 9','Windows 10','1','éªŒè¯ç é”™è¯¯','2021-07-03 07:34:00'),(157,'admin','127.0.0.1','å†…ç½‘IP','Chrome 9','Windows 10','0','ç™»å½•æˆåŠŸ','2021-07-03 07:34:03'),(158,'admin','127.0.0.1','å†…ç½‘IP','Chrome 9','Windows 10','0','ç™»å½•æˆåŠŸ','2021-07-03 07:45:10'),(159,'admin','127.0.0.1','å†…ç½‘IP','Chrome 9','Windows 10','0','ç™»å½•æˆåŠŸ','2021-07-03 07:48:59'),(160,'admin','127.0.0.1','å†…ç½‘IP','Chrome 9','Windows 10','1','éªŒè¯ç é”™è¯¯','2021-07-03 07:51:58'),(161,'admin','127.0.0.1','å†…ç½‘IP','Chrome 9','Windows 10','0','ç™»å½•æˆåŠŸ','2021-07-03 07:52:01'),(162,'admin','127.0.0.1','å†…ç½‘IP','Chrome 9','Windows 10','0','ç™»å½•æˆåŠŸ','2021-07-03 07:54:17'),(163,'admin','127.0.0.1','å†…ç½‘IP','Chrome 9','Windows 10','0','ç™»å½•æˆåŠŸ','2021-07-03 07:55:45'),(164,'admin','127.0.0.1','å†…ç½‘IP','Chrome 9','Windows 10','0','ç™»å½•æˆåŠŸ','2021-07-03 07:56:27'),(165,'admin','127.0.0.1','å†…ç½‘IP','Chrome 9','Windows 10','0','ç™»å½•æˆåŠŸ','2021-07-03 08:06:45'),(166,'admin','127.0.0.1','å†…ç½‘IP','Chrome 9','Windows 10','0','ç™»å½•æˆåŠŸ','2021-07-03 08:19:45'),(167,'admin','127.0.0.1','å†…ç½‘IP','Chrome 9','Windows 10','0','ç™»å½•æˆåŠŸ','2021-07-03 08:20:27'),(168,'admin','127.0.0.1','å†…ç½‘IP','Chrome 9','Windows 10','0','ç™»å½•æˆåŠŸ','2021-07-03 08:22:42'),(169,'admin','127.0.0.1','å†…ç½‘IP','Chrome 9','Windows 10','0','ç™»å½•æˆåŠŸ','2021-07-03 08:28:23'),(170,'admin','127.0.0.1','å†…ç½‘IP','Chrome 9','Windows 10','0','ç™»å½•æˆåŠŸ','2021-07-03 09:54:56'),(171,'admin','127.0.0.1','å†…ç½‘IP','Chrome 9','Windows 10','0','ç™»å½•æˆåŠŸ','2021-07-03 10:44:59'),(172,'admin','127.0.0.1','å†…ç½‘IP','Chrome 9','Windows 10','0','ç™»å½•æˆåŠŸ','2021-07-03 10:54:39'),(173,'admin','127.0.0.1','å†…ç½‘IP','Chrome 9','Windows 10','0','ç™»å½•æˆåŠŸ','2021-07-03 10:56:14'),(174,'admin','127.0.0.1','å†…ç½‘IP','Chrome 9','Windows 10','0','ç™»å½•æˆåŠŸ','2021-07-03 11:06:23'),(175,'admin','127.0.0.1','å†…ç½‘IP','Chrome 9','Windows 10','0','ç™»å½•æˆåŠŸ','2021-07-03 11:38:24'),(176,'admin','127.0.0.1','å†…ç½‘IP','Chrome 9','Windows 10','0','ç™»å½•æˆåŠŸ','2021-07-03 11:39:44'),(177,'admin','127.0.0.1','å†…ç½‘IP','Chrome 9','Windows 10','0','ç™»å½•æˆåŠŸ','2021-07-03 11:41:59'),(178,'admin','127.0.0.1','å†…ç½‘IP','Chrome 9','Windows 10','0','ç™»å½•æˆåŠŸ','2021-07-03 11:50:51'),(179,'admin','127.0.0.1','å†…ç½‘IP','Chrome 9','Windows 10','1','éªŒè¯ç é”™è¯¯','2021-07-03 11:56:47'),(180,'admin','127.0.0.1','å†…ç½‘IP','Chrome 9','Windows 10','0','ç™»å½•æˆåŠŸ','2021-07-03 11:56:50'),(181,'admin','127.0.0.1','å†…ç½‘IP','Chrome 9','Windows 10','0','ç™»å½•æˆåŠŸ','2021-07-03 11:57:36'),(182,'admin','127.0.0.1','å†…ç½‘IP','Chrome 9','Windows 10','0','ç™»å½•æˆåŠŸ','2021-07-03 23:57:49'),(183,'admin','127.0.0.1','å†…ç½‘IP','Chrome 9','Windows 10','0','ç™»å½•æˆåŠŸ','2021-07-04 00:16:19'),(184,'admin','127.0.0.1','å†…ç½‘IP','Chrome 9','Windows 10','0','ç™»å½•æˆåŠŸ','2021-07-04 00:41:47'),(185,'admin','127.0.0.1','å†…ç½‘IP','Chrome 9','Windows 10','0','ç™»å½•æˆåŠŸ','2021-07-04 00:51:08'),(186,'admin','127.0.0.1','å†…ç½‘IP','Chrome 9','Windows 10','0','ç™»å½•æˆåŠŸ','2021-07-04 00:58:44'),(187,'admin','127.0.0.1','å†…ç½‘IP','Chrome 9','Windows 10','0','ç™»å½•æˆåŠŸ','2021-07-04 01:19:08'),(188,'admin','127.0.0.1','å†…ç½‘IP','Chrome 9','Windows 10','0','ç™»å½•æˆåŠŸ','2021-07-04 02:21:13'),(189,'admin','127.0.0.1','å†…ç½‘IP','Chrome 9','Windows 10','0','ç™»å½•æˆåŠŸ','2021-07-04 02:26:16'),(190,'admin','127.0.0.1','å†…ç½‘IP','Chrome 9','Windows 10','0','ç™»å½•æˆåŠŸ','2021-07-04 02:28:52'),(191,'admin','127.0.0.1','å†…ç½‘IP','Chrome 9','Windows 10','1','éªŒè¯ç é”™è¯¯','2021-07-04 02:56:30'),(192,'admin','127.0.0.1','å†…ç½‘IP','Chrome 9','Windows 10','0','ç™»å½•æˆåŠŸ','2021-07-04 02:56:33'),(193,'admin','127.0.0.1','å†…ç½‘IP','Chrome 9','Windows 10','0','ç™»å½•æˆåŠŸ','2021-07-04 03:00:42'),(194,'admin','127.0.0.1','å†…ç½‘IP','Chrome 9','Windows 10','0','ç™»å½•æˆåŠŸ','2021-07-04 03:10:53'),(195,'admin','127.0.0.1','å†…ç½‘IP','Chrome 9','Windows 10','0','ç™»å½•æˆåŠŸ','2021-07-04 06:10:09'),(196,'admin','127.0.0.1','å†…ç½‘IP','Chrome 9','Windows 10','0','ç™»å½•æˆåŠŸ','2021-07-04 06:37:29'),(197,'admin','127.0.0.1','å†…ç½‘IP','Chrome 9','Windows 10','0','ç™»å½•æˆåŠŸ','2021-07-04 06:41:26'),(198,'admin','127.0.0.1','å†…ç½‘IP','Chrome 9','Windows 10','0','ç™»å½•æˆåŠŸ','2021-07-04 06:48:08'),(199,'admin','127.0.0.1','å†…ç½‘IP','Chrome 9','Windows 10','0','ç™»å½•æˆåŠŸ','2021-07-04 06:55:06'),(200,'admin','127.0.0.1','å†…ç½‘IP','Chrome 9','Windows 10','0','ç™»å½•æˆåŠŸ','2021-07-04 06:57:18'),(201,'admin','127.0.0.1','å†…ç½‘IP','Chrome 9','Windows 10','0','ç™»å½•æˆåŠŸ','2021-07-04 07:03:15'),(202,'admin','127.0.0.1','å†…ç½‘IP','Chrome 9','Windows 10','1','éªŒè¯ç é”™è¯¯','2021-07-04 07:14:31'),(203,'admin','127.0.0.1','å†…ç½‘IP','Chrome 9','Windows 10','0','ç™»å½•æˆåŠŸ','2021-07-04 07:14:34'),(204,'admin','127.0.0.1','å†…ç½‘IP','Chrome 9','Windows 10','0','ç™»å½•æˆåŠŸ','2021-07-04 07:28:54'),(205,'admin','127.0.0.1','å†…ç½‘IP','Chrome 9','Windows 10','0','ç™»å½•æˆåŠŸ','2021-07-04 11:16:30'),(206,'admin','127.0.0.1','å†…ç½‘IP','Chrome 9','Windows 10','0','ç™»å½•æˆåŠŸ','2021-07-04 11:23:41'),(207,'admin','127.0.0.1','å†…ç½‘IP','Chrome 9','Windows 10','0','ç™»å½•æˆåŠŸ','2021-07-04 11:26:40'),(208,'admin','127.0.0.1','å†…ç½‘IP','Chrome 9','Windows 10','1','éªŒè¯ç é”™è¯¯','2021-07-04 11:27:39'),(209,'admin','127.0.0.1','å†…ç½‘IP','Chrome 9','Windows 10','0','ç™»å½•æˆåŠŸ','2021-07-04 11:27:42'),(210,'admin','127.0.0.1','å†…ç½‘IP','Chrome 9','Windows 10','0','ç™»å½•æˆåŠŸ','2021-07-04 12:10:17'),(211,'admin','127.0.0.1','å†…ç½‘IP','Chrome 9','Windows 10','1','éªŒè¯ç é”™è¯¯','2021-07-04 12:55:56'),(212,'admin','127.0.0.1','å†…ç½‘IP','Chrome 9','Windows 10','1','éªŒè¯ç é”™è¯¯','2021-07-04 12:55:59'),(213,'admin','127.0.0.1','å†…ç½‘IP','Chrome 9','Windows 10','0','ç™»å½•æˆåŠŸ','2021-07-04 12:56:02'),(214,'admin','127.0.0.1','å†…ç½‘IP','Chrome 9','Windows 10','0','ç™»å½•æˆåŠŸ','2021-07-05 00:03:09'),(215,'admin','127.0.0.1','å†…ç½‘IP','Chrome 9','Windows 10','0','ç™»å½•æˆåŠŸ','2021-07-05 08:28:19'),(216,'admin','127.0.0.1','å†…ç½‘IP','Chrome 9','Windows 10','0','ç™»å½•æˆåŠŸ','2021-07-05 08:32:02'),(217,'admin','127.0.0.1','å†…ç½‘IP','Chrome 9','Windows 10','0','ç™»å½•æˆåŠŸ','2021-07-05 08:33:44'),(218,'admin','127.0.0.1','å†…ç½‘IP','Chrome 9','Windows 10','0','ç™»å½•æˆåŠŸ','2021-07-05 08:45:46'),(219,'admin','127.0.0.1','å†…ç½‘IP','Chrome 9','Windows 10','0','ç™»å½•æˆåŠŸ','2021-07-05 08:55:59'),(220,'admin','127.0.0.1','å†…ç½‘IP','Chrome 9','Windows 10','0','ç™»å½•æˆåŠŸ','2021-07-05 09:15:14'),(221,'admin','127.0.0.1','å†…ç½‘IP','Chrome 9','Windows 10','0','ç™»å½•æˆåŠŸ','2021-07-05 11:03:14'),(222,'admin','127.0.0.1','å†…ç½‘IP','Chrome 9','Windows 10','0','ç™»å½•æˆåŠŸ','2021-07-05 11:16:44'),(223,'admin','127.0.0.1','å†…ç½‘IP','Chrome 9','Windows 10','0','ç™»å½•æˆåŠŸ','2021-07-05 11:34:11'),(224,'admin','127.0.0.1','å†…ç½‘IP','Chrome 9','Windows 10','0','ç™»å½•æˆåŠŸ','2021-07-05 11:59:58'),(225,'admin','127.0.0.1','å†…ç½‘IP','Chrome 9','Windows 10','1','éªŒè¯ç é”™è¯¯','2021-07-05 12:17:39'),(226,'admin','127.0.0.1','å†…ç½‘IP','Chrome 9','Windows 10','0','ç™»å½•æˆåŠŸ','2021-07-05 12:17:42'),(227,'admin','127.0.0.1','å†…ç½‘IP','Chrome 9','Windows 10','0','ç™»å½•æˆåŠŸ','2021-07-05 12:24:17'),(228,'admin','127.0.0.1','å†…ç½‘IP','Chrome 9','Windows 10','0','ç™»å½•æˆåŠŸ','2021-07-05 12:45:01'),(229,'admin','127.0.0.1','å†…ç½‘IP','Chrome 9','Windows 10','0','ç™»å½•æˆåŠŸ','2021-07-05 12:48:03'),(230,'admin','127.0.0.1','å†…ç½‘IP','Chrome 9','Windows 10','0','ç™»å½•æˆåŠŸ','2021-07-05 12:49:59'),(231,'admin','127.0.0.1','å†…ç½‘IP','Chrome 9','Windows 10','0','ç™»å½•æˆåŠŸ','2021-07-05 12:54:39'),(232,'admin','127.0.0.1','å†…ç½‘IP','Chrome 9','Windows 10','0','ç™»å½•æˆåŠŸ','2021-07-05 12:57:03'),(233,'admin','127.0.0.1','å†…ç½‘IP','Chrome 9','Windows 10','0','ç™»å½•æˆåŠŸ','2021-07-05 13:02:28'),(234,'admin','127.0.0.1','å†…ç½‘IP','Chrome 9','Windows 10','0','ç™»å½•æˆåŠŸ','2021-07-05 13:08:04'),(235,'admin','127.0.0.1','å†…ç½‘IP','Chrome 9','Windows 10','0','ç™»å½•æˆåŠŸ','2021-07-05 13:12:45'),(236,'admin','127.0.0.1','å†…ç½‘IP','Chrome 9','Windows 10','0','ç™»å½•æˆåŠŸ','2021-07-05 13:20:34'),(237,'admin','127.0.0.1','å†…ç½‘IP','Chrome 9','Windows 10','0','ç™»å½•æˆåŠŸ','2021-07-05 13:25:43'),(238,'admin','10.10.1.137','å†…ç½‘IP','Chrome Mobile','Android 1.x','0','ç™»å½•æˆåŠŸ','2021-07-05 13:44:17'),(239,'admin','10.10.1.137','å†…ç½‘IP','Chrome Mobile','Android 1.x','1','éªŒè¯ç é”™è¯¯','2021-07-05 13:44:52'),(240,'admin','10.10.1.137','å†…ç½‘IP','Chrome Mobile','Android 1.x','0','ç™»å½•æˆåŠŸ','2021-07-05 13:44:57'),(241,'admin','127.0.0.1','å†…ç½‘IP','Chrome 9','Windows 10','0','ç™»å½•æˆåŠŸ','2021-07-06 00:48:24'),(242,'admin','127.0.0.1','å†…ç½‘IP','Chrome 9','Windows 10','0','ç™»å½•æˆåŠŸ','2021-07-06 00:49:58'),(243,'admin','127.0.0.1','å†…ç½‘IP','Chrome 9','Windows 10','0','ç™»å½•æˆåŠŸ','2021-07-06 00:53:04'),(244,'admin','127.0.0.1','å†…ç½‘IP','Chrome 9','Windows 10','0','ç™»å½•æˆåŠŸ','2021-07-06 01:13:32'),(245,'admin','127.0.0.1','å†…ç½‘IP','Chrome 9','Windows 10','0','ç™»å½•æˆåŠŸ','2021-07-06 01:16:41'),(246,'admin','127.0.0.1','å†…ç½‘IP','Chrome 9','Windows 10','0','ç™»å½•æˆåŠŸ','2021-07-06 01:17:44'),(247,'admin','127.0.0.1','å†…ç½‘IP','Chrome 9','Windows 10','0','ç™»å½•æˆåŠŸ','2021-07-06 01:25:27'),(248,'admin','127.0.0.1','å†…ç½‘IP','Chrome 9','Windows 10','0','ç™»å½•æˆåŠŸ','2021-07-06 01:27:59'),(249,'admin','127.0.0.1','å†…ç½‘IP','Chrome 9','Windows 10','0','ç™»å½•æˆåŠŸ','2021-07-06 01:28:55'),(250,'admin','127.0.0.1','å†…ç½‘IP','Chrome 9','Windows 10','0','ç™»å½•æˆåŠŸ','2021-07-06 01:30:45'),(251,'admin','127.0.0.1','å†…ç½‘IP','Chrome 9','Windows 10','0','ç™»å½•æˆåŠŸ','2021-07-06 01:31:15'),(252,'admin','127.0.0.1','å†…ç½‘IP','Chrome 9','Windows 10','0','ç™»å½•æˆåŠŸ','2021-07-06 01:32:41'),(253,'admin','127.0.0.1','å†…ç½‘IP','Chrome 9','Windows 10','0','ç™»å½•æˆåŠŸ','2021-07-06 01:33:53'),(254,'admin','127.0.0.1','å†…ç½‘IP','Chrome 9','Windows 10','0','ç™»å½•æˆåŠŸ','2021-07-06 01:48:20'),(255,'admin','127.0.0.1','å†…ç½‘IP','Chrome 9','Windows 10','0','ç™»å½•æˆåŠŸ','2021-07-06 01:49:48'),(256,'admin','127.0.0.1','å†…ç½‘IP','Chrome 9','Windows 10','0','ç™»å½•æˆåŠŸ','2021-07-06 01:52:03'),(257,'admin','127.0.0.1','å†…ç½‘IP','Chrome 9','Windows 10','0','ç™»å½•æˆåŠŸ','2021-07-06 01:53:01'),(258,'admin','127.0.0.1','å†…ç½‘IP','Chrome 9','Windows 10','0','ç™»å½•æˆåŠŸ','2021-07-06 01:55:07'),(259,'admin','127.0.0.1','å†…ç½‘IP','Chrome 9','Windows 10','1','éªŒè¯ç é”™è¯¯','2021-07-06 01:55:40'),(260,'admin','127.0.0.1','å†…ç½‘IP','Chrome 9','Windows 10','0','ç™»å½•æˆåŠŸ','2021-07-06 01:55:43'),(261,'admin','127.0.0.1','å†…ç½‘IP','Chrome 9','Windows 10','0','ç™»å½•æˆåŠŸ','2021-07-06 01:55:52'),(262,'admin','127.0.0.1','å†…ç½‘IP','Chrome 9','Windows 10','0','ç™»å½•æˆåŠŸ','2021-07-06 01:59:27'),(263,'admin','127.0.0.1','å†…ç½‘IP','Chrome 9','Windows 10','0','ç™»å½•æˆåŠŸ','2021-07-06 02:00:32'),(264,'admin','127.0.0.1','å†…ç½‘IP','Chrome 9','Windows 10','0','ç™»å½•æˆåŠŸ','2021-07-06 02:01:29'),(265,'admin','127.0.0.1','å†…ç½‘IP','Chrome 9','Windows 10','0','ç™»å½•æˆåŠŸ','2021-07-06 02:18:48'),(266,'admin','127.0.0.1','å†…ç½‘IP','Chrome 9','Windows 10','0','ç™»å½•æˆåŠŸ','2021-07-06 02:49:29'),(267,'admin','127.0.0.1','å†…ç½‘IP','Chrome 9','Windows 10','0','ç™»å½•æˆåŠŸ','2021-07-06 02:51:58'),(268,'admin','127.0.0.1','å†…ç½‘IP','Chrome 9','Windows 10','0','ç™»å½•æˆåŠŸ','2021-07-06 02:52:53'),(269,'admin','127.0.0.1','å†…ç½‘IP','Chrome 9','Windows 10','0','ç™»å½•æˆåŠŸ','2021-07-06 02:56:24'),(270,'admin','127.0.0.1','å†…ç½‘IP','Chrome 9','Windows 10','0','ç™»å½•æˆåŠŸ','2021-07-06 02:58:27'),(271,'admin','127.0.0.1','å†…ç½‘IP','Chrome 9','Windows 10','0','ç™»å½•æˆåŠŸ','2021-07-06 03:03:55'),(272,'admin','127.0.0.1','å†…ç½‘IP','Chrome 9','Windows 10','0','ç™»å½•æˆåŠŸ','2021-07-06 03:06:29'),(273,'admin','127.0.0.1','å†…ç½‘IP','Chrome 9','Windows 10','1','éªŒè¯ç é”™è¯¯','2021-07-06 03:08:28'),(274,'admin','127.0.0.1','å†…ç½‘IP','Chrome 9','Windows 10','0','ç™»å½•æˆåŠŸ','2021-07-06 03:08:30'),(275,'admin','127.0.0.1','å†…ç½‘IP','Chrome 9','Windows 10','0','ç™»å½•æˆåŠŸ','2021-07-06 03:10:32'),(276,'admin','127.0.0.1','å†…ç½‘IP','Chrome 9','Windows 10','0','ç™»å½•æˆåŠŸ','2021-07-06 03:18:09'),(277,'admin','127.0.0.1','å†…ç½‘IP','Chrome 9','Windows 10','0','ç™»å½•æˆåŠŸ','2021-07-06 03:19:59'),(278,'admin','127.0.0.1','å†…ç½‘IP','Chrome 9','Windows 10','1','éªŒè¯ç é”™è¯¯','2021-07-06 03:21:19'),(279,'admin','127.0.0.1','å†…ç½‘IP','Chrome 9','Windows 10','0','ç™»å½•æˆåŠŸ','2021-07-06 03:21:21'),(280,'admin','127.0.0.1','å†…ç½‘IP','Chrome 9','Windows 10','0','ç™»å½•æˆåŠŸ','2021-07-06 03:22:55'),(281,'admin','127.0.0.1','å†…ç½‘IP','Chrome 9','Windows 10','0','ç™»å½•æˆåŠŸ','2021-07-06 03:51:36'),(282,'admin','127.0.0.1','å†…ç½‘IP','Chrome 9','Windows 10','1','éªŒè¯ç é”™è¯¯','2021-07-06 03:53:13'),(283,'admin','127.0.0.1','å†…ç½‘IP','Chrome 9','Windows 10','0','ç™»å½•æˆåŠŸ','2021-07-06 03:53:16'),(284,'admin','127.0.0.1','å†…ç½‘IP','Chrome 9','Windows 10','0','ç™»å½•æˆåŠŸ','2021-07-06 03:53:50'),(285,'admin','127.0.0.1','å†…ç½‘IP','Chrome 9','Windows 10','0','ç™»å½•æˆåŠŸ','2021-07-06 03:57:49'),(286,'admin','127.0.0.1','å†…ç½‘IP','Chrome 9','Windows 10','0','ç™»å½•æˆåŠŸ','2021-07-06 04:02:25'),(287,'admin','127.0.0.1','å†…ç½‘IP','Chrome 9','Windows 10','0','ç™»å½•æˆåŠŸ','2021-07-06 04:03:47'),(288,'admin','127.0.0.1','å†…ç½‘IP','Chrome 9','Windows 10','0','ç™»å½•æˆåŠŸ','2021-07-06 04:05:28'),(289,'admin','127.0.0.1','å†…ç½‘IP','Chrome 9','Windows 10','0','ç™»å½•æˆåŠŸ','2021-07-06 06:08:06'),(290,'admin','127.0.0.1','å†…ç½‘IP','Chrome 9','Windows 10','0','ç™»å½•æˆåŠŸ','2021-07-06 06:12:09'),(291,'admin','127.0.0.1','å†…ç½‘IP','Chrome 9','Windows 10','1','éªŒè¯ç é”™è¯¯','2021-07-06 06:15:58'),(292,'admin','127.0.0.1','å†…ç½‘IP','Chrome 9','Windows 10','0','ç™»å½•æˆåŠŸ','2021-07-06 06:16:00'),(293,'admin','127.0.0.1','å†…ç½‘IP','Chrome 9','Windows 10','0','ç™»å½•æˆåŠŸ','2021-07-06 06:16:45'),(294,'admin','127.0.0.1','å†…ç½‘IP','Chrome 9','Windows 10','0','ç™»å½•æˆåŠŸ','2021-07-06 06:17:18'),(295,'admin','127.0.0.1','å†…ç½‘IP','Chrome 9','Windows 10','1','éªŒè¯ç é”™è¯¯','2021-07-06 06:18:46'),(296,'admin','127.0.0.1','å†…ç½‘IP','Chrome 9','Windows 10','0','ç™»å½•æˆåŠŸ','2021-07-06 06:18:49'),(297,'admin','127.0.0.1','å†…ç½‘IP','Chrome 9','Windows 10','0','ç™»å½•æˆåŠŸ','2021-07-06 06:39:54'),(298,'admin','127.0.0.1','å†…ç½‘IP','Chrome 9','Windows 10','0','ç™»å½•æˆåŠŸ','2021-07-06 06:47:18'),(299,'admin','127.0.0.1','å†…ç½‘IP','Chrome 9','Windows 10','0','ç™»å½•æˆåŠŸ','2021-07-06 07:00:06'),(300,'admin','127.0.0.1','å†…ç½‘IP','Chrome 9','Windows 10','0','ç™»å½•æˆåŠŸ','2021-07-06 23:57:24'),(301,'admin','127.0.0.1','å†…ç½‘IP','Chrome 9','Windows 10','0','ç™»å½•æˆåŠŸ','2021-07-06 23:59:50'),(302,'admin','127.0.0.1','å†…ç½‘IP','Chrome 9','Windows 10','0','ç™»å½•æˆåŠŸ','2021-07-07 00:16:24'),(303,'admin','127.0.0.1','å†…ç½‘IP','Chrome 9','Windows 10','0','ç™»å½•æˆåŠŸ','2021-07-07 00:17:09'),(304,'admin','127.0.0.1','å†…ç½‘IP','Chrome 9','Windows 10','0','ç™»å½•æˆåŠŸ','2021-07-07 00:46:00'),(305,'admin','127.0.0.1','å†…ç½‘IP','Chrome 9','Windows 10','0','ç™»å½•æˆåŠŸ','2021-07-07 13:43:21'),(306,'admin','127.0.0.1','å†…ç½‘IP','Chrome 9','Windows 10','0','ç™»å½•æˆåŠŸ','2021-07-08 01:00:18'),(307,'admin','127.0.0.1','å†…ç½‘IP','Chrome 9','Windows 10','0','ç™»å½•æˆåŠŸ','2021-07-08 09:15:42'),(308,'admin','127.0.0.1','å†…ç½‘IP','Chrome 9','Windows 10','0','ç™»å½•æˆåŠŸ','2021-07-08 09:17:16'),(309,'admin','127.0.0.1','å†…ç½‘IP','Chrome 9','Windows 10','0','ç™»å½•æˆåŠŸ','2021-07-08 09:21:15'),(310,'admin','127.0.0.1','å†…ç½‘IP','Chrome 9','Windows 10','0','ç™»å½•æˆåŠŸ','2021-07-08 09:24:44'),(311,'admin','127.0.0.1','å†…ç½‘IP','Chrome 9','Windows 10','0','ç™»å½•æˆåŠŸ','2021-07-08 09:35:29'),(312,'admin','127.0.0.1','å†…ç½‘IP','Chrome 9','Windows 10','0','ç™»å½•æˆåŠŸ','2021-07-08 09:41:29'),(313,'admin','127.0.0.1','å†…ç½‘IP','Chrome 9','Windows 10','0','ç™»å½•æˆåŠŸ','2021-07-08 09:58:38'),(314,'admin','127.0.0.1','å†…ç½‘IP','Chrome 9','Windows 10','0','ç™»å½•æˆåŠŸ','2021-07-08 10:22:50'),(315,'admin','127.0.0.1','å†…ç½‘IP','Chrome 9','Windows 10','0','ç™»å½•æˆåŠŸ','2021-07-08 10:26:19'),(316,'admin','127.0.0.1','å†…ç½‘IP','Chrome 9','Windows 10','0','ç™»å½•æˆåŠŸ','2021-07-08 10:33:33'),(317,'admin','127.0.0.1','å†…ç½‘IP','Chrome 9','Windows 10','0','ç™»å½•æˆåŠŸ','2021-07-08 10:34:28'),(318,'admin','127.0.0.1','å†…ç½‘IP','Chrome 9','Windows 10','0','ç™»å½•æˆåŠŸ','2021-07-08 12:16:48'),(319,'admin','127.0.0.1','å†…ç½‘IP','Chrome 9','Windows 10','0','ç™»å½•æˆåŠŸ','2021-07-08 12:34:06'),(320,'admin','127.0.0.1','å†…ç½‘IP','Chrome 9','Windows 10','0','ç™»å½•æˆåŠŸ','2021-07-08 12:46:22');
/*!40000 ALTER TABLE `sys_logininfor` ENABLE KEYS */;
UNLOCK TABLES;

--
-- Table structure for table `sys_menu`
--

DROP TABLE IF EXISTS `sys_menu`;
/*!40101 SET @saved_cs_client     = @@character_set_client */;
/*!50503 SET character_set_client = utf8mb4 */;
CREATE TABLE `sys_menu` (
  `menu_id` bigint NOT NULL AUTO_INCREMENT COMMENT 'èœå•ID',
  `menu_name` varchar(50) NOT NULL COMMENT 'èœå•åç§°',
  `parent_id` bigint DEFAULT '0' COMMENT 'çˆ¶èœå•ID',
  `order_num` int DEFAULT '0' COMMENT 'æ˜¾ç¤ºé¡ºåº',
  `url` varchar(200) DEFAULT '#' COMMENT 'è¯·æ±‚åœ°å€',
  `target` varchar(20) DEFAULT '' COMMENT 'æ‰“å¼€æ–¹å¼ï¼ˆmenuItemé¡µç­¾ menuBlankæ–°çª—å£ï¼‰',
  `menu_type` char(1) DEFAULT '' COMMENT 'èœå•ç±»å‹ï¼ˆMç›®å½• Cèœå• FæŒ‰é’®ï¼‰',
  `visible` char(1) DEFAULT '0' COMMENT 'èœå•çŠ¶æ€ï¼ˆ0æ˜¾ç¤º 1éšè—ï¼‰',
  `is_refresh` char(1) DEFAULT '1' COMMENT 'æ˜¯å¦åˆ·æ–°ï¼ˆ0åˆ·æ–° 1ä¸åˆ·æ–°ï¼‰',
  `perms` varchar(100) DEFAULT NULL COMMENT 'æƒé™æ ‡è¯†',
  `icon` varchar(100) DEFAULT '#' COMMENT 'èœå•å›¾æ ‡',
  `create_by` varchar(64) DEFAULT '' COMMENT 'åˆ›å»ºè€…',
  `create_time` datetime DEFAULT NULL COMMENT 'åˆ›å»ºæ—¶é—´',
  `update_by` varchar(64) DEFAULT '' COMMENT 'æ›´æ–°è€…',
  `update_time` datetime DEFAULT NULL COMMENT 'æ›´æ–°æ—¶é—´',
  `remark` varchar(500) DEFAULT '' COMMENT 'å¤‡æ³¨',
  PRIMARY KEY (`menu_id`)
) ENGINE=InnoDB AUTO_INCREMENT=2027 DEFAULT CHARSET=utf8mb3 COMMENT='èœå•æƒé™è¡¨';
/*!40101 SET character_set_client = @saved_cs_client */;

--
-- Dumping data for table `sys_menu`
--

LOCK TABLES `sys_menu` WRITE;
/*!40000 ALTER TABLE `sys_menu` DISABLE KEYS */;
INSERT INTO `sys_menu` VALUES (1,'ç³»ç»Ÿç®¡ç†',0,1,'#','','M','0','1','','fa fa-gear','admin','2021-07-01 11:27:35','',NULL,'ç³»ç»Ÿç®¡ç†ç›®å½•'),(2,'ç³»ç»Ÿç›‘æ§',0,3,'#','menuItem','M','0','1','','fa fa-video-camera','admin','2021-07-01 11:27:35','admin','2021-07-02 02:50:32','ç³»ç»Ÿç›‘æ§ç›®å½•'),(3,'ç³»ç»Ÿå·¥å…·',0,4,'#','menuItem','M','0','1','','fa fa-bars','admin','2021-07-01 11:27:35','admin','2021-07-02 02:50:38','ç³»ç»Ÿå·¥å…·ç›®å½•'),(4,'è‹¥ä¾å®˜ç½‘',0,5,'http://ruoyi.vip','menuBlank','C','0','1','','fa fa-location-arrow','admin','2021-07-01 11:27:35','admin','2021-07-02 02:50:49','è‹¥ä¾å®˜ç½‘åœ°å€'),(100,'ç”¨æˆ·ç®¡ç†',1,1,'/system/user','','C','0','1','system:user:view','fa fa-user-o','admin','2021-07-01 11:27:35','',NULL,'ç”¨æˆ·ç®¡ç†èœå•'),(101,'è§’è‰²ç®¡ç†',1,2,'/system/role','','C','0','1','system:role:view','fa fa-user-secret','admin','2021-07-01 11:27:35','',NULL,'è§’è‰²ç®¡ç†èœå•'),(102,'èœå•ç®¡ç†',1,3,'/system/menu','','C','0','1','system:menu:view','fa fa-th-list','admin','2021-07-01 11:27:35','',NULL,'èœå•ç®¡ç†èœå•'),(103,'éƒ¨é—¨ç®¡ç†',1,4,'/system/dept','','C','0','1','system:dept:view','fa fa-outdent','admin','2021-07-01 11:27:35','',NULL,'éƒ¨é—¨ç®¡ç†èœå•'),(104,'å²—ä½ç®¡ç†',1,5,'/system/post','','C','0','1','system:post:view','fa fa-address-card-o','admin','2021-07-01 11:27:35','',NULL,'å²—ä½ç®¡ç†èœå•'),(105,'å­—å…¸ç®¡ç†',1,6,'/system/dict','','C','0','1','system:dict:view','fa fa-bookmark-o','admin','2021-07-01 11:27:35','',NULL,'å­—å…¸ç®¡ç†èœå•'),(106,'å‚æ•°è®¾ç½®',1,7,'/system/config','','C','0','1','system:config:view','fa fa-sun-o','admin','2021-07-01 11:27:35','',NULL,'å‚æ•°è®¾ç½®èœå•'),(107,'é€šçŸ¥å…¬å‘Š',1,8,'/system/notice','','C','0','1','system:notice:view','fa fa-bullhorn','admin','2021-07-01 11:27:35','',NULL,'é€šçŸ¥å…¬å‘Šèœå•'),(108,'æ—¥å¿—ç®¡ç†',1,9,'#','','M','0','1','','fa fa-pencil-square-o','admin','2021-07-01 11:27:35','',NULL,'æ—¥å¿—ç®¡ç†èœå•'),(109,'åœ¨çº¿ç”¨æˆ·',2,1,'/monitor/online','','C','0','1','monitor:online:view','fa fa-user-circle','admin','2021-07-01 11:27:35','',NULL,'åœ¨çº¿ç”¨æˆ·èœå•'),(110,'å®šæ—¶ä»»åŠ¡',2,2,'/monitor/job','','C','0','1','monitor:job:view','fa fa-tasks','admin','2021-07-01 11:27:35','',NULL,'å®šæ—¶ä»»åŠ¡èœå•'),(111,'æ•°æ®ç›‘æ§',2,3,'/monitor/data','','C','0','1','monitor:data:view','fa fa-bug','admin','2021-07-01 11:27:35','',NULL,'æ•°æ®ç›‘æ§èœå•'),(112,'æœåŠ¡ç›‘æ§',2,4,'/monitor/server','','C','0','1','monitor:server:view','fa fa-server','admin','2021-07-01 11:27:35','',NULL,'æœåŠ¡ç›‘æ§èœå•'),(113,'ç¼“å­˜ç›‘æ§',2,5,'/monitor/cache','','C','0','1','monitor:cache:view','fa fa-cube','admin','2021-07-01 11:27:35','',NULL,'ç¼“å­˜ç›‘æ§èœå•'),(114,'è¡¨å•æ„å»º',3,1,'/tool/build','','C','0','1','tool:build:view','fa fa-wpforms','admin','2021-07-01 11:27:35','',NULL,'è¡¨å•æ„å»ºèœå•'),(115,'ä»£ç ç”Ÿæˆ',3,2,'/tool/gen','','C','0','1','tool:gen:view','fa fa-code','admin','2021-07-01 11:27:35','',NULL,'ä»£ç ç”Ÿæˆèœå•'),(116,'ç³»ç»Ÿæ¥å£',3,3,'/tool/swagger','','C','0','1','tool:swagger:view','fa fa-gg','admin','2021-07-01 11:27:35','',NULL,'ç³»ç»Ÿæ¥å£èœå•'),(500,'æ“ä½œæ—¥å¿—',108,1,'/monitor/operlog','','C','0','1','monitor:operlog:view','fa fa-address-book','admin','2021-07-01 11:27:35','',NULL,'æ“ä½œæ—¥å¿—èœå•'),(501,'ç™»å½•æ—¥å¿—',108,2,'/monitor/logininfor','','C','0','1','monitor:logininfor:view','fa fa-file-image-o','admin','2021-07-01 11:27:35','',NULL,'ç™»å½•æ—¥å¿—èœå•'),(1000,'ç”¨æˆ·æŸ¥è¯¢',100,1,'#','','F','0','1','system:user:list','#','admin','2021-07-01 11:27:35','',NULL,''),(1001,'ç”¨æˆ·æ–°å¢',100,2,'#','','F','0','1','system:user:add','#','admin','2021-07-01 11:27:35','',NULL,''),(1002,'ç”¨æˆ·ä¿®æ”¹',100,3,'#','','F','0','1','system:user:edit','#','admin','2021-07-01 11:27:35','',NULL,''),(1003,'ç”¨æˆ·åˆ é™¤',100,4,'#','','F','0','1','system:user:remove','#','admin','2021-07-01 11:27:35','',NULL,''),(1004,'ç”¨æˆ·å¯¼å‡º',100,5,'#','','F','0','1','system:user:export','#','admin','2021-07-01 11:27:35','',NULL,''),(1005,'ç”¨æˆ·å¯¼å…¥',100,6,'#','','F','0','1','system:user:import','#','admin','2021-07-01 11:27:35','',NULL,''),(1006,'é‡ç½®å¯†ç ',100,7,'#','','F','0','1','system:user:resetPwd','#','admin','2021-07-01 11:27:35','',NULL,''),(1007,'è§’è‰²æŸ¥è¯¢',101,1,'#','','F','0','1','system:role:list','#','admin','2021-07-01 11:27:35','',NULL,''),(1008,'è§’è‰²æ–°å¢',101,2,'#','','F','0','1','system:role:add','#','admin','2021-07-01 11:27:35','',NULL,''),(1009,'è§’è‰²ä¿®æ”¹',101,3,'#','','F','0','1','system:role:edit','#','admin','2021-07-01 11:27:35','',NULL,''),(1010,'è§’è‰²åˆ é™¤',101,4,'#','','F','0','1','system:role:remove','#','admin','2021-07-01 11:27:35','',NULL,''),(1011,'è§’è‰²å¯¼å‡º',101,5,'#','','F','0','1','system:role:export','#','admin','2021-07-01 11:27:35','',NULL,''),(1012,'èœå•æŸ¥è¯¢',102,1,'#','','F','0','1','system:menu:list','#','admin','2021-07-01 11:27:35','',NULL,''),(1013,'èœå•æ–°å¢',102,2,'#','','F','0','1','system:menu:add','#','admin','2021-07-01 11:27:35','',NULL,''),(1014,'èœå•ä¿®æ”¹',102,3,'#','','F','0','1','system:menu:edit','#','admin','2021-07-01 11:27:35','',NULL,''),(1015,'èœå•åˆ é™¤',102,4,'#','','F','0','1','system:menu:remove','#','admin','2021-07-01 11:27:35','',NULL,''),(1016,'éƒ¨é—¨æŸ¥è¯¢',103,1,'#','','F','0','1','system:dept:list','#','admin','2021-07-01 11:27:35','',NULL,''),(1017,'éƒ¨é—¨æ–°å¢',103,2,'#','','F','0','1','system:dept:add','#','admin','2021-07-01 11:27:35','',NULL,''),(1018,'éƒ¨é—¨ä¿®æ”¹',103,3,'#','','F','0','1','system:dept:edit','#','admin','2021-07-01 11:27:35','',NULL,''),(1019,'éƒ¨é—¨åˆ é™¤',103,4,'#','','F','0','1','system:dept:remove','#','admin','2021-07-01 11:27:35','',NULL,''),(1020,'å²—ä½æŸ¥è¯¢',104,1,'#','','F','0','1','system:post:list','#','admin','2021-07-01 11:27:35','',NULL,''),(1021,'å²—ä½æ–°å¢',104,2,'#','','F','0','1','system:post:add','#','admin','2021-07-01 11:27:35','',NULL,''),(1022,'å²—ä½ä¿®æ”¹',104,3,'#','','F','0','1','system:post:edit','#','admin','2021-07-01 11:27:35','',NULL,''),(1023,'å²—ä½åˆ é™¤',104,4,'#','','F','0','1','system:post:remove','#','admin','2021-07-01 11:27:35','',NULL,''),(1024,'å²—ä½å¯¼å‡º',104,5,'#','','F','0','1','system:post:export','#','admin','2021-07-01 11:27:35','',NULL,''),(1025,'å­—å…¸æŸ¥è¯¢',105,1,'#','','F','0','1','system:dict:list','#','admin','2021-07-01 11:27:35','',NULL,''),(1026,'å­—å…¸æ–°å¢',105,2,'#','','F','0','1','system:dict:add','#','admin','2021-07-01 11:27:35','',NULL,''),(1027,'å­—å…¸ä¿®æ”¹',105,3,'#','','F','0','1','system:dict:edit','#','admin','2021-07-01 11:27:35','',NULL,''),(1028,'å­—å…¸åˆ é™¤',105,4,'#','','F','0','1','system:dict:remove','#','admin','2021-07-01 11:27:35','',NULL,''),(1029,'å­—å…¸å¯¼å‡º',105,5,'#','','F','0','1','system:dict:export','#','admin','2021-07-01 11:27:35','',NULL,''),(1030,'å‚æ•°æŸ¥è¯¢',106,1,'#','','F','0','1','system:config:list','#','admin','2021-07-01 11:27:35','',NULL,''),(1031,'å‚æ•°æ–°å¢',106,2,'#','','F','0','1','system:config:add','#','admin','2021-07-01 11:27:35','',NULL,''),(1032,'å‚æ•°ä¿®æ”¹',106,3,'#','','F','0','1','system:config:edit','#','admin','2021-07-01 11:27:35','',NULL,''),(1033,'å‚æ•°åˆ é™¤',106,4,'#','','F','0','1','system:config:remove','#','admin','2021-07-01 11:27:35','',NULL,''),(1034,'å‚æ•°å¯¼å‡º',106,5,'#','','F','0','1','system:config:export','#','admin','2021-07-01 11:27:35','',NULL,''),(1035,'å…¬å‘ŠæŸ¥è¯¢',107,1,'#','','F','0','1','system:notice:list','#','admin','2021-07-01 11:27:35','',NULL,''),(1036,'å…¬å‘Šæ–°å¢',107,2,'#','','F','0','1','system:notice:add','#','admin','2021-07-01 11:27:35','',NULL,''),(1037,'å…¬å‘Šä¿®æ”¹',107,3,'#','','F','0','1','system:notice:edit','#','admin','2021-07-01 11:27:35','',NULL,''),(1038,'å…¬å‘Šåˆ é™¤',107,4,'#','','F','0','1','system:notice:remove','#','admin','2021-07-01 11:27:35','',NULL,''),(1039,'æ“ä½œæŸ¥è¯¢',500,1,'#','','F','0','1','monitor:operlog:list','#','admin','2021-07-01 11:27:35','',NULL,''),(1040,'æ“ä½œåˆ é™¤',500,2,'#','','F','0','1','monitor:operlog:remove','#','admin','2021-07-01 11:27:35','',NULL,''),(1041,'è¯¦ç»†ä¿¡æ¯',500,3,'#','','F','0','1','monitor:operlog:detail','#','admin','2021-07-01 11:27:35','',NULL,''),(1042,'æ—¥å¿—å¯¼å‡º',500,4,'#','','F','0','1','monitor:operlog:export','#','admin','2021-07-01 11:27:35','',NULL,''),(1043,'ç™»å½•æŸ¥è¯¢',501,1,'#','','F','0','1','monitor:logininfor:list','#','admin','2021-07-01 11:27:35','',NULL,''),(1044,'ç™»å½•åˆ é™¤',501,2,'#','','F','0','1','monitor:logininfor:remove','#','admin','2021-07-01 11:27:35','',NULL,''),(1045,'æ—¥å¿—å¯¼å‡º',501,3,'#','','F','0','1','monitor:logininfor:export','#','admin','2021-07-01 11:27:35','',NULL,''),(1046,'è´¦æˆ·è§£é”',501,4,'#','','F','0','1','monitor:logininfor:unlock','#','admin','2021-07-01 11:27:35','',NULL,''),(1047,'åœ¨çº¿æŸ¥è¯¢',109,1,'#','','F','0','1','monitor:online:list','#','admin','2021-07-01 11:27:35','',NULL,''),(1048,'æ‰¹é‡å¼ºé€€',109,2,'#','','F','0','1','monitor:online:batchForceLogout','#','admin','2021-07-01 11:27:35','',NULL,''),(1049,'å•æ¡å¼ºé€€',109,3,'#','','F','0','1','monitor:online:forceLogout','#','admin','2021-07-01 11:27:35','',NULL,''),(1050,'ä»»åŠ¡æŸ¥è¯¢',110,1,'#','','F','0','1','monitor:job:list','#','admin','2021-07-01 11:27:35','',NULL,''),(1051,'ä»»åŠ¡æ–°å¢',110,2,'#','','F','0','1','monitor:job:add','#','admin','2021-07-01 11:27:35','',NULL,''),(1052,'ä»»åŠ¡ä¿®æ”¹',110,3,'#','','F','0','1','monitor:job:edit','#','admin','2021-07-01 11:27:35','',NULL,''),(1053,'ä»»åŠ¡åˆ é™¤',110,4,'#','','F','0','1','monitor:job:remove','#','admin','2021-07-01 11:27:35','',NULL,''),(1054,'çŠ¶æ€ä¿®æ”¹',110,5,'#','','F','0','1','monitor:job:changeStatus','#','admin','2021-07-01 11:27:35','',NULL,''),(1055,'ä»»åŠ¡è¯¦ç»†',110,6,'#','','F','0','1','monitor:job:detail','#','admin','2021-07-01 11:27:35','',NULL,''),(1056,'ä»»åŠ¡å¯¼å‡º',110,7,'#','','F','0','1','monitor:job:export','#','admin','2021-07-01 11:27:35','',NULL,''),(1057,'ç”ŸæˆæŸ¥è¯¢',115,1,'#','','F','0','1','tool:gen:list','#','admin','2021-07-01 11:27:35','',NULL,''),(1058,'ç”Ÿæˆä¿®æ”¹',115,2,'#','','F','0','1','tool:gen:edit','#','admin','2021-07-01 11:27:35','',NULL,''),(1059,'ç”Ÿæˆåˆ é™¤',115,3,'#','','F','0','1','tool:gen:remove','#','admin','2021-07-01 11:27:35','',NULL,''),(1060,'é¢„è§ˆä»£ç ',115,4,'#','','F','0','1','tool:gen:preview','#','admin','2021-07-01 11:27:35','',NULL,''),(1061,'ç”Ÿæˆä»£ç ',115,5,'#','','F','0','1','tool:gen:code','#','admin','2021-07-01 11:27:35','',NULL,''),(2000,'ç”¨æˆ·å·¥å…·',0,2,'#','menuItem','M','0','1',NULL,'fa fa-cube','admin','2021-07-02 02:48:25','',NULL,''),(2002,'ç«™ç‚¹',2008,1,'/usertool/station','menuItem','C','1','1','usertool:station:view','#','admin','2021-07-02 04:19:21','admin','2021-07-08 10:11:51','ç«™ç‚¹èœå•'),(2003,'ç«™ç‚¹æŸ¥è¯¢',2002,1,'#','','F','0','1','usertool:station:list','#','admin','2021-07-02 04:19:21','',NULL,''),(2004,'ç«™ç‚¹æ–°å¢',2002,2,'#','','F','0','1','usertool:station:add','#','admin','2021-07-02 04:19:21','',NULL,''),(2005,'ç«™ç‚¹ä¿®æ”¹',2002,3,'#','','F','0','1','usertool:station:edit','#','admin','2021-07-02 04:19:21','',NULL,''),(2006,'ç«™ç‚¹åˆ é™¤',2002,4,'#','','F','0','1','usertool:station:remove','#','admin','2021-07-02 04:19:21','',NULL,''),(2007,'ç«™ç‚¹å¯¼å‡º',2002,5,'#','','F','0','1','usertool:station:export','#','admin','2021-07-02 04:19:21','',NULL,''),(2008,'è´¦å¯†ç°¿',2000,1,'/usertool/account','menuItem','C','0','1','usertool:account:view','#','admin','2021-07-03 09:08:55','admin','2021-07-08 10:10:24','è´¦å¯†ç°¿èœå•'),(2009,'è´¦å¯†ç°¿æŸ¥è¯¢',2008,1,'#','','F','0','1','usertool:account:list','#','admin','2021-07-03 09:08:55','',NULL,''),(2010,'è´¦å¯†ç°¿æ–°å¢',2008,2,'#','','F','0','1','usertool:account:add','#','admin','2021-07-03 09:08:55','',NULL,''),(2011,'è´¦å¯†ç°¿ä¿®æ”¹',2008,3,'#','','F','0','1','usertool:account:edit','#','admin','2021-07-03 09:08:55','',NULL,''),(2012,'è´¦å¯†ç°¿åˆ é™¤',2008,4,'#','','F','0','1','usertool:account:remove','#','admin','2021-07-03 09:08:55','',NULL,''),(2013,'è´¦å¯†ç°¿å¯¼å‡º',2008,5,'#','','F','0','1','usertool:account:export','#','admin','2021-07-03 09:08:55','',NULL,''),(2020,'ç®¡ç†å¯†ç ',2008,6,'#','menuItem','F','0','1','usertool:account:editPassword','#','admin','2021-07-06 01:45:20','',NULL,''),(2021,'å¯†ç è¡¨',2008,1,'/usertool/password','menuItem','C','1','1','usertool:password:view','#','admin','2021-07-06 01:47:27','admin','2021-07-08 10:08:16','å¯†ç è¡¨èœå•'),(2022,'å¯†ç è¡¨æŸ¥è¯¢',2021,1,'#','','F','0','1','usertool:password:list','#','admin','2021-07-06 01:47:27','',NULL,''),(2023,'å¯†ç è¡¨æ–°å¢',2021,2,'#','','F','0','1','usertool:password:add','#','admin','2021-07-06 01:47:27','',NULL,''),(2024,'å¯†ç è¡¨ä¿®æ”¹',2021,3,'#','','F','0','1','usertool:password:edit','#','admin','2021-07-06 01:47:27','',NULL,''),(2025,'å¯†ç è¡¨åˆ é™¤',2021,4,'#','','F','0','1','usertool:password:remove','#','admin','2021-07-06 01:47:27','',NULL,''),(2026,'å¯†ç è¡¨å¯¼å‡º',2021,5,'#','','F','0','1','usertool:password:export','#','admin','2021-07-06 01:47:27','',NULL,'');
/*!40000 ALTER TABLE `sys_menu` ENABLE KEYS */;
UNLOCK TABLES;

--
-- Table structure for table `sys_notice`
--

DROP TABLE IF EXISTS `sys_notice`;
/*!40101 SET @saved_cs_client     = @@character_set_client */;
/*!50503 SET character_set_client = utf8mb4 */;
CREATE TABLE `sys_notice` (
  `notice_id` int NOT NULL AUTO_INCREMENT COMMENT 'å…¬å‘ŠID',
  `notice_title` varchar(50) NOT NULL COMMENT 'å…¬å‘Šæ ‡é¢˜',
  `notice_type` char(1) NOT NULL COMMENT 'å…¬å‘Šç±»å‹ï¼ˆ1é€šçŸ¥ 2å…¬å‘Šï¼‰',
  `notice_content` varchar(2000) DEFAULT NULL COMMENT 'å…¬å‘Šå†…å®¹',
  `status` char(1) DEFAULT '0' COMMENT 'å…¬å‘ŠçŠ¶æ€ï¼ˆ0æ­£å¸¸ 1å…³é—­ï¼‰',
  `create_by` varchar(64) DEFAULT '' COMMENT 'åˆ›å»ºè€…',
  `create_time` datetime DEFAULT NULL COMMENT 'åˆ›å»ºæ—¶é—´',
  `update_by` varchar(64) DEFAULT '' COMMENT 'æ›´æ–°è€…',
  `update_time` datetime DEFAULT NULL COMMENT 'æ›´æ–°æ—¶é—´',
  `remark` varchar(255) DEFAULT NULL COMMENT 'å¤‡æ³¨',
  PRIMARY KEY (`notice_id`)
) ENGINE=InnoDB AUTO_INCREMENT=10 DEFAULT CHARSET=utf8mb3 COMMENT='é€šçŸ¥å…¬å‘Šè¡¨';
/*!40101 SET character_set_client = @saved_cs_client */;

--
-- Dumping data for table `sys_notice`
--

LOCK TABLES `sys_notice` WRITE;
/*!40000 ALTER TABLE `sys_notice` DISABLE KEYS */;
INSERT INTO `sys_notice` VALUES (1,'æ¸©é¦¨æé†’ï¼š2018-07-01 è‹¥ä¾æ–°ç‰ˆæœ¬å‘å¸ƒå•¦','2','æ–°ç‰ˆæœ¬å†…å®¹','0','admin','2021-07-01 11:27:37','',NULL,'ç®¡ç†å‘˜'),(2,'ç»´æŠ¤é€šçŸ¥ï¼š2018-07-01 è‹¥ä¾ç³»ç»Ÿå‡Œæ™¨ç»´æŠ¤','1','ç»´æŠ¤å†…å®¹','0','admin','2021-07-01 11:27:37','',NULL,'ç®¡ç†å‘˜');
/*!40000 ALTER TABLE `sys_notice` ENABLE KEYS */;
UNLOCK TABLES;

--
-- Table structure for table `sys_oper_log`
--

DROP TABLE IF EXISTS `sys_oper_log`;
/*!40101 SET @saved_cs_client     = @@character_set_client */;
/*!50503 SET character_set_client = utf8mb4 */;
CREATE TABLE `sys_oper_log` (
  `oper_id` bigint NOT NULL AUTO_INCREMENT COMMENT 'æ—¥å¿—ä¸»é”®',
  `title` varchar(50) DEFAULT '' COMMENT 'æ¨¡å—æ ‡é¢˜',
  `business_type` int DEFAULT '0' COMMENT 'ä¸šåŠ¡ç±»å‹ï¼ˆ0å…¶å®ƒ 1æ–°å¢ 2ä¿®æ”¹ 3åˆ é™¤ï¼‰',
  `method` varchar(100) DEFAULT '' COMMENT 'æ–¹æ³•åç§°',
  `request_method` varchar(10) DEFAULT '' COMMENT 'è¯·æ±‚æ–¹å¼',
  `operator_type` int DEFAULT '0' COMMENT 'æ“ä½œç±»åˆ«ï¼ˆ0å…¶å®ƒ 1åå°ç”¨æˆ· 2æ‰‹æœºç«¯ç”¨æˆ·ï¼‰',
  `oper_name` varchar(50) DEFAULT '' COMMENT 'æ“ä½œäººå‘˜',
  `dept_name` varchar(50) DEFAULT '' COMMENT 'éƒ¨é—¨åç§°',
  `oper_url` varchar(255) DEFAULT '' COMMENT 'è¯·æ±‚URL',
  `oper_ip` varchar(128) DEFAULT '' COMMENT 'ä¸»æœºåœ°å€',
  `oper_location` varchar(255) DEFAULT '' COMMENT 'æ“ä½œåœ°ç‚¹',
  `oper_param` varchar(2000) DEFAULT '' COMMENT 'è¯·æ±‚å‚æ•°',
  `json_result` varchar(2000) DEFAULT '' COMMENT 'è¿”å›å‚æ•°',
  `status` int DEFAULT '0' COMMENT 'æ“ä½œçŠ¶æ€ï¼ˆ0æ­£å¸¸ 1å¼‚å¸¸ï¼‰',
  `error_msg` varchar(2000) DEFAULT '' COMMENT 'é”™è¯¯æ¶ˆæ¯',
  `oper_time` datetime DEFAULT NULL COMMENT 'æ“ä½œæ—¶é—´',
  PRIMARY KEY (`oper_id`)
) ENGINE=InnoDB AUTO_INCREMENT=384 DEFAULT CHARSET=utf8mb3 COMMENT='æ“ä½œæ—¥å¿—è®°å½•';
/*!40101 SET character_set_client = @saved_cs_client */;

--
-- Dumping data for table `sys_oper_log`
--

LOCK TABLES `sys_oper_log` WRITE;
/*!40000 ALTER TABLE `sys_oper_log` DISABLE KEYS */;
INSERT INTO `sys_oper_log` VALUES (100,'ä»£ç ç”Ÿæˆ',6,'com.ruoyi.generator.controller.GenController.importTableSave()','POST',1,'admin','ç ”å‘éƒ¨é—¨','/tool/gen/importTable','127.0.0.1','å†…ç½‘IP','{\"tables\":[\"users\"]}','{\r\n  \"msg\" : \"æ“ä½œæˆåŠŸ\",\r\n  \"code\" : 0\r\n}',0,NULL,'2021-07-01 12:39:53'),(101,'ä¸ªäººä¿¡æ¯',2,'com.ruoyi.web.controller.system.SysProfileController.update()','POST',1,'admin','ç ”å‘éƒ¨é—¨','/system/user/profile/update','127.0.0.1','å†…ç½‘IP','{\"id\":[\"\"],\"userName\":[\"WChQ\"],\"phonenumber\":[\"18258439675\"],\"email\":[\"hug58697@163.com\"],\"sex\":[\"0\"]}','{\r\n  \"msg\" : \"æ“ä½œæˆåŠŸ\",\r\n  \"code\" : 0\r\n}',0,NULL,'2021-07-02 02:26:11'),(102,'é‡ç½®å¯†ç ',2,'com.ruoyi.web.controller.system.SysProfileController.resetPwd()','POST',1,'admin','ç ”å‘éƒ¨é—¨','/system/user/profile/resetPwd','127.0.0.1','å†…ç½‘IP','{\"userId\":[\"1\"],\"loginName\":[\"admin\"]}','{\r\n  \"msg\" : \"æ“ä½œæˆåŠŸ\",\r\n  \"code\" : 0\r\n}',0,NULL,'2021-07-02 02:36:32'),(103,'èœå•ç®¡ç†',1,'com.ruoyi.web.controller.system.SysMenuController.addSave()','POST',1,'admin','ç ”å‘éƒ¨é—¨','/system/menu/add','127.0.0.1','å†…ç½‘IP','{\"parentId\":[\"0\"],\"menuType\":[\"M\"],\"menuName\":[\"ç”¨æˆ·å·¥å…·\"],\"url\":[\"\"],\"target\":[\"menuItem\"],\"perms\":[\"\"],\"orderNum\":[\"2\"],\"icon\":[\"fa fa-cube\"],\"visible\":[\"0\"],\"isRefresh\":[\"1\"]}','{\r\n  \"msg\" : \"æ“ä½œæˆåŠŸ\",\r\n  \"code\" : 0\r\n}',0,NULL,'2021-07-02 02:48:25'),(104,'èœå•ç®¡ç†',1,'com.ruoyi.web.controller.system.SysMenuController.addSave()','POST',1,'admin','ç ”å‘éƒ¨é—¨','/system/menu/add','127.0.0.1','å†…ç½‘IP','{\"parentId\":[\"2000\"],\"menuType\":[\"C\"],\"menuName\":[\"è´¦å¯†ç°¿\"],\"url\":[\"\"],\"target\":[\"menuItem\"],\"perms\":[\"\"],\"orderNum\":[\"1\"],\"icon\":[\"fa fa-address-book-o\"],\"visible\":[\"0\"],\"isRefresh\":[\"1\"]}','{\r\n  \"msg\" : \"æ“ä½œæˆåŠŸ\",\r\n  \"code\" : 0\r\n}',0,NULL,'2021-07-02 02:50:11'),(105,'èœå•ç®¡ç†',2,'com.ruoyi.web.controller.system.SysMenuController.editSave()','POST',1,'admin','ç ”å‘éƒ¨é—¨','/system/menu/edit','127.0.0.1','å†…ç½‘IP','{\"menuId\":[\"2\"],\"parentId\":[\"0\"],\"menuType\":[\"M\"],\"menuName\":[\"ç³»ç»Ÿç›‘æ§\"],\"url\":[\"#\"],\"target\":[\"menuItem\"],\"perms\":[\"\"],\"orderNum\":[\"3\"],\"icon\":[\"fa fa-video-camera\"],\"visible\":[\"0\"],\"isRefresh\":[\"1\"]}','{\r\n  \"msg\" : \"æ“ä½œæˆåŠŸ\",\r\n  \"code\" : 0\r\n}',0,NULL,'2021-07-02 02:50:32'),(106,'èœå•ç®¡ç†',2,'com.ruoyi.web.controller.system.SysMenuController.editSave()','POST',1,'admin','ç ”å‘éƒ¨é—¨','/system/menu/edit','127.0.0.1','å†…ç½‘IP','{\"menuId\":[\"3\"],\"parentId\":[\"0\"],\"menuType\":[\"M\"],\"menuName\":[\"ç³»ç»Ÿå·¥å…·\"],\"url\":[\"#\"],\"target\":[\"menuItem\"],\"perms\":[\"\"],\"orderNum\":[\"4\"],\"icon\":[\"fa fa-bars\"],\"visible\":[\"0\"],\"isRefresh\":[\"1\"]}','{\r\n  \"msg\" : \"æ“ä½œæˆåŠŸ\",\r\n  \"code\" : 0\r\n}',0,NULL,'2021-07-02 02:50:38'),(107,'èœå•ç®¡ç†',2,'com.ruoyi.web.controller.system.SysMenuController.editSave()','POST',1,'admin','ç ”å‘éƒ¨é—¨','/system/menu/edit','127.0.0.1','å†…ç½‘IP','{\"menuId\":[\"4\"],\"parentId\":[\"0\"],\"menuType\":[\"C\"],\"menuName\":[\"è‹¥ä¾å®˜ç½‘\"],\"url\":[\"http://ruoyi.vip\"],\"target\":[\"menuBlank\"],\"perms\":[\"\"],\"orderNum\":[\"5\"],\"icon\":[\"fa fa-location-arrow\"],\"visible\":[\"0\"],\"isRefresh\":[\"1\"]}','{\r\n  \"msg\" : \"æ“ä½œæˆåŠŸ\",\r\n  \"code\" : 0\r\n}',0,NULL,'2021-07-02 02:50:49'),(108,'èœå•ç®¡ç†',2,'com.ruoyi.web.controller.system.SysMenuController.editSave()','POST',1,'admin','ç ”å‘éƒ¨é—¨','/system/menu/edit','127.0.0.1','å†…ç½‘IP','{\"menuId\":[\"2001\"],\"parentId\":[\"2000\"],\"menuType\":[\"C\"],\"menuName\":[\"è´¦å¯†ç°¿\"],\"url\":[\"/usertool/accountmanagment\"],\"target\":[\"menuItem\"],\"perms\":[\"\"],\"orderNum\":[\"1\"],\"icon\":[\"fa fa-address-book-o\"],\"visible\":[\"0\"],\"isRefresh\":[\"1\"]}','{\r\n  \"msg\" : \"æ“ä½œæˆåŠŸ\",\r\n  \"code\" : 0\r\n}',0,NULL,'2021-07-02 02:57:10'),(109,'ä»£ç ç”Ÿæˆ',3,'com.ruoyi.generator.controller.GenController.remove()','POST',1,'admin','ç ”å‘éƒ¨é—¨','/tool/gen/remove','127.0.0.1','å†…ç½‘IP','{\"ids\":[\"1\"]}','{\r\n  \"msg\" : \"æ“ä½œæˆåŠŸ\",\r\n  \"code\" : 0\r\n}',0,NULL,'2021-07-02 02:59:46'),(110,'ä»£ç ç”Ÿæˆ',6,'com.ruoyi.generator.controller.GenController.importTableSave()','POST',1,'admin','ç ”å‘éƒ¨é—¨','/tool/gen/importTable','127.0.0.1','å†…ç½‘IP','{\"tables\":[\"accounts\"]}','{\r\n  \"msg\" : \"æ“ä½œæˆåŠŸ\",\r\n  \"code\" : 0\r\n}',0,NULL,'2021-07-02 03:12:20'),(111,'ä»£ç ç”Ÿæˆ',6,'com.ruoyi.generator.controller.GenController.importTableSave()','POST',1,'admin','ç ”å‘éƒ¨é—¨','/tool/gen/importTable','127.0.0.1','å†…ç½‘IP','{\"tables\":[\"relevance,passwords,stations\"]}','{\r\n  \"msg\" : \"æ“ä½œæˆåŠŸ\",\r\n  \"code\" : 0\r\n}',0,NULL,'2021-07-02 03:44:11'),(112,'ä»£ç ç”Ÿæˆ',2,'com.ruoyi.generator.controller.GenController.synchDb()','GET',1,'admin','ç ”å‘éƒ¨é—¨','/tool/gen/synchDb/passwords','127.0.0.1','å†…ç½‘IP','\"passwords\"','{\r\n  \"msg\" : \"æ“ä½œæˆåŠŸ\",\r\n  \"code\" : 0\r\n}',0,NULL,'2021-07-02 03:44:34'),(113,'ä»£ç ç”Ÿæˆ',2,'com.ruoyi.generator.controller.GenController.editSave()','POST',1,'admin','ç ”å‘éƒ¨é—¨','/tool/gen/edit','127.0.0.1','å†…ç½‘IP','{\"tableId\":[\"5\"],\"tableName\":[\"stations\"],\"tableComment\":[\"ç«™ç‚¹è¡¨\"],\"className\":[\"Station\"],\"functionAuthor\":[\"ruoyi\"],\"remark\":[\"\"],\"columns[0].columnId\":[\"36\"],\"columns[0].sort\":[\"1\"],\"columns[0].columnComment\":[\"id\"],\"columns[0].javaType\":[\"String\"],\"columns[0].javaField\":[\"stationId\"],\"columns[0].isList\":[\"1\"],\"columns[0].isQuery\":[\"1\"],\"columns[0].queryType\":[\"EQ\"],\"columns[0].htmlType\":[\"input\"],\"columns[0].dictType\":[\"\"],\"columns[1].columnId\":[\"37\"],\"columns[1].sort\":[\"2\"],\"columns[1].columnComment\":[\"ç«™ç‚¹åç§°\"],\"columns[1].javaType\":[\"String\"],\"columns[1].javaField\":[\"stationName\"],\"columns[1].isInsert\":[\"1\"],\"columns[1].isEdit\":[\"1\"],\"columns[1].isList\":[\"1\"],\"columns[1].isQuery\":[\"1\"],\"columns[1].queryType\":[\"LIKE\"],\"columns[1].isRequired\":[\"1\"],\"columns[1].htmlType\":[\"input\"],\"columns[1].dictType\":[\"\"],\"columns[2].columnId\":[\"38\"],\"columns[2].sort\":[\"3\"],\"columns[2].columnComment\":[\"ç«™ç‚¹ç½‘å€\"],\"columns[2].javaType\":[\"String\"],\"columns[2].javaField\":[\"websiteUrl\"],\"columns[2].isInsert\":[\"1\"],\"columns[2].isEdit\":[\"1\"],\"columns[2].isList\":[\"1\"],\"columns[2].isQuery\":[\"1\"],\"columns[2].queryType\":[\"LIKE\"],\"columns[2].htmlType\":[\"input\"],\"columns[2].dictType\":[\"\"],\"columns[3].columnId\":[\"39\"],\"columns[3].sort\":[\"4\"],\"columns[3].columnComment\":[\"ç«™ç‚¹app\"],\"columns[3].javaType\":[\"String\"],\"columns[3].javaField\":[\"appName\"],\"columns[3].isInsert\":[\"1\"],\"columns[3].isEdit\":[\"1\"],\"columns[3].isList\":[\"1\"],\"columns[3].isQuery\":[\"1\"],\"columns[3].queryType\":[\"LIKE\"],\"columns[3].htmlType\":[\"input\"],\"columns[3].dictType\":[\"\"],\"columns[4].columnId\":[\"40\"],\"columns[4].sort\":[\"5\"],\"columns[4].columnComment\":[\"å¤‡æ³¨\"],\"columns[4].javaType\":[\"String\"],\"columns[4].javaField\":[\"description\"],\"columns[4].isInsert\":[\"1\"],\"columns[4].isEdit\":[\"1\"],\"columns[4].isList\":[\"1\"],\"columns[4].isQuery\":[\"1\"],\"columns[4].queryType\":[\"EQ\"],\"columns[4].htmlType\":[\"textarea\"],\"columns[4].dictType\":[\"\"],\"columns[5].columnId\":[\"41\"],\"columns[5].sort\":[\"6\"],\"columns[5].columnComment\":[\"ç«™ç‚¹çŠ¶æ€\"],\"columns[5].javaType\"','{\r\n  \"msg\" : \"æ“ä½œæˆåŠŸ\",\r\n  \"code\" : 0\r\n}',0,NULL,'2021-07-02 04:18:14'),(114,'ä»£ç ç”Ÿæˆ',8,'com.ruoyi.generator.controller.GenController.download()','GET',1,'admin','ç ”å‘éƒ¨é—¨','/tool/gen/download/stations','127.0.0.1','å†…ç½‘IP','\"stations\"',NULL,0,NULL,'2021-07-02 04:18:20'),(115,'ç«™ç‚¹',1,'com.ruoyi.usertool.controller.StationController.addSave()','POST',1,'admin','ç ”å‘éƒ¨é—¨','/usertool/station/add','127.0.0.1','å†…ç½‘IP','{\"stationName\":[\"å¾®ä¿¡\"],\"websiteUrl\":[\"https://wx.qq.com/\"],\"appName\":[\"https://weixin.qq.com/\"],\"description\":[\"å¾®ä¿¡\"]}',NULL,1,'\r\n### Error updating database.  Cause: java.sql.SQLException: Field \'station_id\' doesn\'t have a default value\r\n### The error may exist in file [D:\\git\\RuoYi\\ruoyi-usertool\\target\\classes\\mapper\\usertool\\StationMapper.xml]\r\n### The error may involve com.ruoyi.usertool.mapper.StationMapper.insertStation-Inline\r\n### The error occurred while setting parameters\r\n### SQL: insert into stations          ( station_name,             website_url,             app_name,             description )           values ( ?,             ?,             ?,             ? )\r\n### Cause: java.sql.SQLException: Field \'station_id\' doesn\'t have a default value\n; Field \'station_id\' doesn\'t have a default value; nested exception is java.sql.SQLException: Field \'station_id\' doesn\'t have a default value','2021-07-02 04:34:06'),(116,'ä»£ç ç”Ÿæˆ',2,'com.ruoyi.generator.controller.GenController.synchDb()','GET',1,'admin','ç ”å‘éƒ¨é—¨','/tool/gen/synchDb/stations','127.0.0.1','å†…ç½‘IP','\"stations\"','{\r\n  \"msg\" : \"æ“ä½œæˆåŠŸ\",\r\n  \"code\" : 0\r\n}',0,NULL,'2021-07-02 04:49:50'),(117,'ä»£ç ç”Ÿæˆ',2,'com.ruoyi.generator.controller.GenController.synchDb()','GET',1,'admin','ç ”å‘éƒ¨é—¨','/tool/gen/synchDb/stations','127.0.0.1','å†…ç½‘IP','\"stations\"','{\r\n  \"msg\" : \"æ“ä½œæˆåŠŸ\",\r\n  \"code\" : 0\r\n}',0,NULL,'2021-07-02 04:51:22'),(118,'ä»£ç ç”Ÿæˆ',2,'com.ruoyi.generator.controller.GenController.editSave()','POST',1,'admin','ç ”å‘éƒ¨é—¨','/tool/gen/edit','127.0.0.1','å†…ç½‘IP','{\"tableId\":[\"5\"],\"tableName\":[\"stations\"],\"tableComment\":[\"ç«™ç‚¹è¡¨\"],\"className\":[\"Station\"],\"functionAuthor\":[\"ruoyi\"],\"remark\":[\"\"],\"columns[0].columnId\":[\"36\"],\"columns[0].sort\":[\"1\"],\"columns[0].columnComment\":[\"id\"],\"columns[0].javaType\":[\"String\"],\"columns[0].javaField\":[\"stationId\"],\"columns[0].isList\":[\"1\"],\"columns[0].isQuery\":[\"1\"],\"columns[0].queryType\":[\"EQ\"],\"columns[0].htmlType\":[\"input\"],\"columns[0].dictType\":[\"\"],\"columns[1].columnId\":[\"37\"],\"columns[1].sort\":[\"2\"],\"columns[1].columnComment\":[\"ç«™ç‚¹åç§°\"],\"columns[1].javaType\":[\"String\"],\"columns[1].javaField\":[\"stationName\"],\"columns[1].isInsert\":[\"1\"],\"columns[1].isEdit\":[\"1\"],\"columns[1].isList\":[\"1\"],\"columns[1].isQuery\":[\"1\"],\"columns[1].queryType\":[\"LIKE\"],\"columns[1].isRequired\":[\"1\"],\"columns[1].htmlType\":[\"input\"],\"columns[1].dictType\":[\"\"],\"columns[2].columnId\":[\"38\"],\"columns[2].sort\":[\"3\"],\"columns[2].columnComment\":[\"ç«™ç‚¹ç½‘å€\"],\"columns[2].javaType\":[\"String\"],\"columns[2].javaField\":[\"websiteUrl\"],\"columns[2].isInsert\":[\"1\"],\"columns[2].isEdit\":[\"1\"],\"columns[2].isList\":[\"1\"],\"columns[2].isQuery\":[\"1\"],\"columns[2].queryType\":[\"LIKE\"],\"columns[2].htmlType\":[\"input\"],\"columns[2].dictType\":[\"\"],\"columns[3].columnId\":[\"39\"],\"columns[3].sort\":[\"4\"],\"columns[3].columnComment\":[\"å®¢æˆ·ç«¯å\"],\"columns[3].javaType\":[\"String\"],\"columns[3].javaField\":[\"appName\"],\"columns[3].isInsert\":[\"1\"],\"columns[3].isEdit\":[\"1\"],\"columns[3].isList\":[\"1\"],\"columns[3].isQuery\":[\"1\"],\"columns[3].queryType\":[\"LIKE\"],\"columns[3].htmlType\":[\"input\"],\"columns[3].dictType\":[\"\"],\"columns[4].columnId\":[\"45\"],\"columns[4].sort\":[\"4\"],\"columns[4].columnComment\":[\"å®¢æˆ·ç«¯ä¸‹è½½åœ°å€\"],\"columns[4].javaType\":[\"String\"],\"columns[4].javaField\":[\"downloadUrl\"],\"columns[4].isInsert\":[\"1\"],\"columns[4].isEdit\":[\"1\"],\"columns[4].isList\":[\"1\"],\"columns[4].isQuery\":[\"1\"],\"columns[4].queryType\":[\"LIKE\"],\"columns[4].htmlType\":[\"input\"],\"columns[4].dictType\":[\"\"],\"columns[5].columnId\":[\"40\"],\"columns[5].sort\":[\"5\"],\"columns[5].columnComment\":[\"å¤‡æ³¨\"],\"columns[5].javaType','{\r\n  \"msg\" : \"æ“ä½œæˆåŠŸ\",\r\n  \"code\" : 0\r\n}',0,NULL,'2021-07-02 04:52:51'),(119,'ä»£ç ç”Ÿæˆ',8,'com.ruoyi.generator.controller.GenController.download()','GET',1,'admin','ç ”å‘éƒ¨é—¨','/tool/gen/download/stations','127.0.0.1','å†…ç½‘IP','\"stations\"',NULL,0,NULL,'2021-07-02 04:52:56'),(120,'ä»£ç ç”Ÿæˆ',2,'com.ruoyi.generator.controller.GenController.editSave()','POST',1,'admin','ç ”å‘éƒ¨é—¨','/tool/gen/edit','127.0.0.1','å†…ç½‘IP','{\"tableId\":[\"5\"],\"tableName\":[\"stations\"],\"tableComment\":[\"ç«™ç‚¹è¡¨\"],\"className\":[\"Station\"],\"functionAuthor\":[\"ruoyi\"],\"remark\":[\"\"],\"columns[0].columnId\":[\"36\"],\"columns[0].sort\":[\"1\"],\"columns[0].columnComment\":[\"id\"],\"columns[0].javaType\":[\"Long\"],\"columns[0].javaField\":[\"stationId\"],\"columns[0].isList\":[\"1\"],\"columns[0].isQuery\":[\"1\"],\"columns[0].queryType\":[\"EQ\"],\"columns[0].htmlType\":[\"input\"],\"columns[0].dictType\":[\"\"],\"columns[1].columnId\":[\"37\"],\"columns[1].sort\":[\"2\"],\"columns[1].columnComment\":[\"ç«™ç‚¹åç§°\"],\"columns[1].javaType\":[\"String\"],\"columns[1].javaField\":[\"stationName\"],\"columns[1].isInsert\":[\"1\"],\"columns[1].isEdit\":[\"1\"],\"columns[1].isList\":[\"1\"],\"columns[1].isQuery\":[\"1\"],\"columns[1].queryType\":[\"LIKE\"],\"columns[1].isRequired\":[\"1\"],\"columns[1].htmlType\":[\"input\"],\"columns[1].dictType\":[\"\"],\"columns[2].columnId\":[\"38\"],\"columns[2].sort\":[\"3\"],\"columns[2].columnComment\":[\"ç«™ç‚¹ç½‘å€\"],\"columns[2].javaType\":[\"String\"],\"columns[2].javaField\":[\"websiteUrl\"],\"columns[2].isInsert\":[\"1\"],\"columns[2].isEdit\":[\"1\"],\"columns[2].isList\":[\"1\"],\"columns[2].isQuery\":[\"1\"],\"columns[2].queryType\":[\"LIKE\"],\"columns[2].htmlType\":[\"input\"],\"columns[2].dictType\":[\"\"],\"columns[3].columnId\":[\"39\"],\"columns[3].sort\":[\"4\"],\"columns[3].columnComment\":[\"å®¢æˆ·ç«¯å\"],\"columns[3].javaType\":[\"String\"],\"columns[3].javaField\":[\"appName\"],\"columns[3].isInsert\":[\"1\"],\"columns[3].isEdit\":[\"1\"],\"columns[3].isList\":[\"1\"],\"columns[3].isQuery\":[\"1\"],\"columns[3].queryType\":[\"LIKE\"],\"columns[3].htmlType\":[\"input\"],\"columns[3].dictType\":[\"\"],\"columns[4].columnId\":[\"45\"],\"columns[4].sort\":[\"4\"],\"columns[4].columnComment\":[\"å®¢æˆ·ç«¯ä¸‹è½½åœ°å€\"],\"columns[4].javaType\":[\"String\"],\"columns[4].javaField\":[\"downloadUrl\"],\"columns[4].isInsert\":[\"1\"],\"columns[4].isEdit\":[\"1\"],\"columns[4].isList\":[\"1\"],\"columns[4].isQuery\":[\"1\"],\"columns[4].queryType\":[\"LIKE\"],\"columns[4].htmlType\":[\"input\"],\"columns[4].dictType\":[\"\"],\"columns[5].columnId\":[\"40\"],\"columns[5].sort\":[\"5\"],\"columns[5].columnComment\":[\"å¤‡æ³¨\"],\"columns[5].javaType\":','{\r\n  \"msg\" : \"æ“ä½œæˆåŠŸ\",\r\n  \"code\" : 0\r\n}',0,NULL,'2021-07-02 04:56:33'),(121,'ä»£ç ç”Ÿæˆ',8,'com.ruoyi.generator.controller.GenController.download()','GET',1,'admin','ç ”å‘éƒ¨é—¨','/tool/gen/download/stations','127.0.0.1','å†…ç½‘IP','\"stations\"',NULL,0,NULL,'2021-07-02 04:56:39'),(122,'ç«™ç‚¹',1,'com.ruoyi.usertool.controller.StationController.addSave()','POST',1,'admin','ç ”å‘éƒ¨é—¨','/usertool/station/add','127.0.0.1','å†…ç½‘IP','{\"stationName\":[\"å¾®ä¿¡\"],\"websiteUrl\":[\"https://wx.qq.com/\"],\"downloadUrl\":[\"https://weixin.qq.com/\"],\"appName\":[\"å¾®ä¿¡\"],\"description\":[\"å¾®ä¿¡\"],\"valid\":[\"0\"]}','{\r\n  \"msg\" : \"æ“ä½œæˆåŠŸ\",\r\n  \"code\" : 0\r\n}',0,NULL,'2021-07-02 04:58:55'),(123,'ç«™ç‚¹',2,'com.ruoyi.usertool.controller.StationController.editSave()','POST',1,'admin','ç ”å‘éƒ¨é—¨','/usertool/station/edit','127.0.0.1','å†…ç½‘IP','{\"stationId\":[\"1\"],\"stationName\":[\"å¾®ä¿¡\"],\"websiteUrl\":[\"https://wx.qq.com/\"],\"downloadUrl\":[\"https://weixin.qq.com/\"],\"appName\":[\"å¾®ä¿¡\"],\"description\":[\"å¾®ä¿¡\"],\"valid\":[\"1\"],\"deleted\":[\"0\"]}','{\r\n  \"msg\" : \"æ“ä½œæˆåŠŸ\",\r\n  \"code\" : 0\r\n}',0,NULL,'2021-07-02 05:08:34'),(124,'ç«™ç‚¹',2,'com.ruoyi.usertool.controller.StationController.editSave()','POST',1,'admin','ç ”å‘éƒ¨é—¨','/usertool/station/edit','127.0.0.1','å†…ç½‘IP','{\"stationId\":[\"1\"],\"stationName\":[\"å¾®ä¿¡\"],\"websiteUrl\":[\"https://wx.qq.com/\"],\"downloadUrl\":[\"https://weixin.qq.com/\"],\"appName\":[\"å¾®ä¿¡\"],\"description\":[\"å¾®ä¿¡\"],\"valid\":[\"0\"],\"deleted\":[\"0\"]}','{\r\n  \"msg\" : \"æ“ä½œæˆåŠŸ\",\r\n  \"code\" : 0\r\n}',0,NULL,'2021-07-02 05:08:51'),(125,'ä»£ç ç”Ÿæˆ',2,'com.ruoyi.generator.controller.GenController.editSave()','POST',1,'admin','ç ”å‘éƒ¨é—¨','/tool/gen/edit','127.0.0.1','å†…ç½‘IP','{\"tableId\":[\"5\"],\"tableName\":[\"stations\"],\"tableComment\":[\"ç«™ç‚¹è¡¨\"],\"className\":[\"Station\"],\"functionAuthor\":[\"ruoyi\"],\"remark\":[\"\"],\"columns[0].columnId\":[\"36\"],\"columns[0].sort\":[\"1\"],\"columns[0].columnComment\":[\"id\"],\"columns[0].javaType\":[\"Long\"],\"columns[0].javaField\":[\"stationId\"],\"columns[0].queryType\":[\"EQ\"],\"columns[0].htmlType\":[\"input\"],\"columns[0].dictType\":[\"\"],\"columns[1].columnId\":[\"37\"],\"columns[1].sort\":[\"2\"],\"columns[1].columnComment\":[\"ç«™ç‚¹åç§°\"],\"columns[1].javaType\":[\"String\"],\"columns[1].javaField\":[\"stationName\"],\"columns[1].isInsert\":[\"1\"],\"columns[1].isEdit\":[\"1\"],\"columns[1].isList\":[\"1\"],\"columns[1].isQuery\":[\"1\"],\"columns[1].queryType\":[\"LIKE\"],\"columns[1].isRequired\":[\"1\"],\"columns[1].htmlType\":[\"input\"],\"columns[1].dictType\":[\"\"],\"columns[2].columnId\":[\"38\"],\"columns[2].sort\":[\"3\"],\"columns[2].columnComment\":[\"ç«™ç‚¹ç½‘å€\"],\"columns[2].javaType\":[\"String\"],\"columns[2].javaField\":[\"websiteUrl\"],\"columns[2].isInsert\":[\"1\"],\"columns[2].isEdit\":[\"1\"],\"columns[2].isList\":[\"1\"],\"columns[2].isQuery\":[\"1\"],\"columns[2].queryType\":[\"LIKE\"],\"columns[2].htmlType\":[\"input\"],\"columns[2].dictType\":[\"\"],\"columns[3].columnId\":[\"39\"],\"columns[3].sort\":[\"4\"],\"columns[3].columnComment\":[\"å®¢æˆ·ç«¯å\"],\"columns[3].javaType\":[\"String\"],\"columns[3].javaField\":[\"appName\"],\"columns[3].isInsert\":[\"1\"],\"columns[3].isEdit\":[\"1\"],\"columns[3].isList\":[\"1\"],\"columns[3].isQuery\":[\"1\"],\"columns[3].queryType\":[\"LIKE\"],\"columns[3].htmlType\":[\"input\"],\"columns[3].dictType\":[\"\"],\"columns[4].columnId\":[\"45\"],\"columns[4].sort\":[\"4\"],\"columns[4].columnComment\":[\"å®¢æˆ·ç«¯ä¸‹è½½åœ°å€\"],\"columns[4].javaType\":[\"String\"],\"columns[4].javaField\":[\"downloadUrl\"],\"columns[4].isInsert\":[\"1\"],\"columns[4].isEdit\":[\"1\"],\"columns[4].isList\":[\"1\"],\"columns[4].isQuery\":[\"1\"],\"columns[4].queryType\":[\"LIKE\"],\"columns[4].htmlType\":[\"input\"],\"columns[4].dictType\":[\"\"],\"columns[5].columnId\":[\"40\"],\"columns[5].sort\":[\"5\"],\"columns[5].columnComment\":[\"å¤‡æ³¨\"],\"columns[5].javaType\":[\"String\"],\"columns[5].javaField\":[\"description\"],\"co','{\r\n  \"msg\" : \"æ“ä½œæˆåŠŸ\",\r\n  \"code\" : 0\r\n}',0,NULL,'2021-07-02 05:10:31'),(126,'ä»£ç ç”Ÿæˆ',8,'com.ruoyi.generator.controller.GenController.download()','GET',1,'admin','ç ”å‘éƒ¨é—¨','/tool/gen/download/stations','127.0.0.1','å†…ç½‘IP','\"stations\"',NULL,0,NULL,'2021-07-02 05:10:37'),(127,'ä»£ç ç”Ÿæˆ',2,'com.ruoyi.generator.controller.GenController.editSave()','POST',1,'admin','ç ”å‘éƒ¨é—¨','/tool/gen/edit','127.0.0.1','å†…ç½‘IP','{\"tableId\":[\"5\"],\"tableName\":[\"stations\"],\"tableComment\":[\"ç«™ç‚¹è¡¨\"],\"className\":[\"Station\"],\"functionAuthor\":[\"ruoyi\"],\"remark\":[\"\"],\"columns[0].columnId\":[\"36\"],\"columns[0].sort\":[\"1\"],\"columns[0].columnComment\":[\"id\"],\"columns[0].javaType\":[\"Long\"],\"columns[0].javaField\":[\"stationId\"],\"columns[0].queryType\":[\"EQ\"],\"columns[0].htmlType\":[\"input\"],\"columns[0].dictType\":[\"\"],\"columns[1].columnId\":[\"37\"],\"columns[1].sort\":[\"2\"],\"columns[1].columnComment\":[\"ç«™ç‚¹åç§°\"],\"columns[1].javaType\":[\"String\"],\"columns[1].javaField\":[\"stationName\"],\"columns[1].isInsert\":[\"1\"],\"columns[1].isEdit\":[\"1\"],\"columns[1].isList\":[\"1\"],\"columns[1].isQuery\":[\"1\"],\"columns[1].queryType\":[\"LIKE\"],\"columns[1].isRequired\":[\"1\"],\"columns[1].htmlType\":[\"input\"],\"columns[1].dictType\":[\"\"],\"columns[2].columnId\":[\"38\"],\"columns[2].sort\":[\"3\"],\"columns[2].columnComment\":[\"ç«™ç‚¹ç½‘å€\"],\"columns[2].javaType\":[\"String\"],\"columns[2].javaField\":[\"websiteUrl\"],\"columns[2].isInsert\":[\"1\"],\"columns[2].isEdit\":[\"1\"],\"columns[2].isList\":[\"1\"],\"columns[2].isQuery\":[\"1\"],\"columns[2].queryType\":[\"LIKE\"],\"columns[2].htmlType\":[\"input\"],\"columns[2].dictType\":[\"\"],\"columns[3].columnId\":[\"39\"],\"columns[3].sort\":[\"4\"],\"columns[3].columnComment\":[\"å®¢æˆ·ç«¯å\"],\"columns[3].javaType\":[\"String\"],\"columns[3].javaField\":[\"appName\"],\"columns[3].isInsert\":[\"1\"],\"columns[3].isEdit\":[\"1\"],\"columns[3].isList\":[\"1\"],\"columns[3].isQuery\":[\"1\"],\"columns[3].queryType\":[\"LIKE\"],\"columns[3].htmlType\":[\"input\"],\"columns[3].dictType\":[\"\"],\"columns[4].columnId\":[\"45\"],\"columns[4].sort\":[\"4\"],\"columns[4].columnComment\":[\"å®¢æˆ·ç«¯ä¸‹è½½\"],\"columns[4].javaType\":[\"String\"],\"columns[4].javaField\":[\"downloadUrl\"],\"columns[4].isInsert\":[\"1\"],\"columns[4].isEdit\":[\"1\"],\"columns[4].isList\":[\"1\"],\"columns[4].isQuery\":[\"1\"],\"columns[4].queryType\":[\"LIKE\"],\"columns[4].htmlType\":[\"input\"],\"columns[4].dictType\":[\"\"],\"columns[5].columnId\":[\"40\"],\"columns[5].sort\":[\"5\"],\"columns[5].columnComment\":[\"å¤‡æ³¨\"],\"columns[5].javaType\":[\"String\"],\"columns[5].javaField\":[\"description\"],\"colu','{\r\n  \"msg\" : \"æ“ä½œæˆåŠŸ\",\r\n  \"code\" : 0\r\n}',0,NULL,'2021-07-02 05:14:11'),(128,'ç«™ç‚¹',2,'com.ruoyi.usertool.controller.StationController.editSave()','POST',1,'admin','ç ”å‘éƒ¨é—¨','/usertool/station/edit','127.0.0.1','å†…ç½‘IP','{\"stationId\":[\"1\"],\"stationName\":[\"å¾®ä¿¡\"],\"websiteUrl\":[\"https://wx.qq.com/\"],\"downloadUrl\":[\"https://weixin.qq.com/\"],\"appName\":[\"å¾®ä¿¡\"],\"description\":[\"å¾®ä¿¡haha\"],\"valid\":[\"0\"],\"deleted\":[\"0\"]}','{\r\n  \"msg\" : \"æ“ä½œæˆåŠŸ\",\r\n  \"code\" : 0\r\n}',0,NULL,'2021-07-02 05:52:17'),(129,'ç«™ç‚¹',1,'com.ruoyi.usertool.controller.StationController.addSave()','POST',1,'admin','ç ”å‘éƒ¨é—¨','/usertool/station/add','127.0.0.1','å†…ç½‘IP','{\"stationName\":[\"123\"],\"websiteUrl\":[\"123\"],\"downloadUrl\":[\"123\"],\"appName\":[\"123\"],\"description\":[\"123\"],\"valid\":[\"0\"]}',NULL,1,'Invalid bound statement (not found): com.ruoyi.usertool.mapper.StationMapper.insert','2021-07-02 08:06:16'),(130,'ç«™ç‚¹',1,'com.ruoyi.usertool.controller.StationController.addSave()','POST',1,'admin','ç ”å‘éƒ¨é—¨','/usertool/station/add','127.0.0.1','å†…ç½‘IP','{\"stationName\":[\"sadf\"],\"websiteUrl\":[\"sadr\"],\"downloadUrl\":[\"aser\"],\"appName\":[\"sadfv\"],\"description\":[\"wer\"],\"valid\":[\"0\"]}',NULL,1,'Invalid bound statement (not found): com.ruoyi.usertool.mapper.StationMapper.insert','2021-07-02 08:16:22'),(131,'ç«™ç‚¹',1,'com.ruoyi.usertool.controller.StationController.addSave()','POST',1,'admin','ç ”å‘éƒ¨é—¨','/usertool/station/add','127.0.0.1','å†…ç½‘IP','{\"stationName\":[\"123\"],\"websiteUrl\":[\"123\"],\"downloadUrl\":[\"123\"],\"appName\":[\"123\"],\"description\":[\"123\"],\"valid\":[\"0\"]}',NULL,1,'nested exception is org.apache.ibatis.exceptions.PersistenceException: \r\n### Error updating database.  Cause: java.lang.IllegalStateException: Type handler was null on parameter mapping for property \'params\'. It was either not specified and/or could not be found for the javaType (java.util.Map) : jdbcType (null) combination.\r\n### The error may exist in com/ruoyi/usertool/mapper/StationMapper.java (best guess)\r\n### The error may involve com.ruoyi.usertool.mapper.StationMapper.insert\r\n### The error occurred while executing an update\r\n### Cause: java.lang.IllegalStateException: Type handler was null on parameter mapping for property \'params\'. It was either not specified and/or could not be found for the javaType (java.util.Map) : jdbcType (null) combination.','2021-07-02 10:09:04'),(132,'ç«™ç‚¹',1,'com.ruoyi.usertool.controller.StationController.addSave()','POST',1,'admin','ç ”å‘éƒ¨é—¨','/usertool/station/add','127.0.0.1','å†…ç½‘IP','{\"stationName\":[\"æ‰½å…±\"],\"websiteUrl\":[\"å„¿ç«¥\"],\"downloadUrl\":[\"sd\"],\"appName\":[\"asdtr \"],\"description\":[\"sdfg\"],\"valid\":[\"0\"]}',NULL,1,'\r\n### Error updating database.  Cause: java.sql.SQLSyntaxErrorException: Table \'rouyi.station\' doesn\'t exist\r\n### The error may exist in com/ruoyi/usertool/mapper/StationMapper.java (best guess)\r\n### The error may involve com.ruoyi.usertool.mapper.StationMapper.insert-Inline\r\n### The error occurred while setting parameters\r\n### SQL: INSERT INTO station  ( station_name, website_url, download_url, app_name, description, valid )  VALUES  ( ?, ?, ?, ?, ?, ? )\r\n### Cause: java.sql.SQLSyntaxErrorException: Table \'rouyi.station\' doesn\'t exist\n; bad SQL grammar []; nested exception is java.sql.SQLSyntaxErrorException: Table \'rouyi.station\' doesn\'t exist','2021-07-02 12:05:02'),(133,'ç«™ç‚¹',1,'com.ruoyi.usertool.controller.StationController.addSave()','POST',1,'admin','ç ”å‘éƒ¨é—¨','/usertool/station/add','127.0.0.1','å†…ç½‘IP','{\"stationName\":[\"1\"],\"websiteUrl\":[\"2\"],\"downloadUrl\":[\"3\"],\"appName\":[\"4\"],\"description\":[\"5\"],\"valid\":[\"0\"]}',NULL,1,'\r\n### Error updating database.  Cause: java.sql.SQLException: Field \'station_id\' doesn\'t have a default value\r\n### The error may exist in com/ruoyi/usertool/mapper/StationMapper.java (best guess)\r\n### The error may involve com.ruoyi.usertool.mapper.StationMapper.insert-Inline\r\n### The error occurred while setting parameters\r\n### SQL: INSERT INTO stations  ( station_name, website_url, download_url, app_name, description, valid )  VALUES  ( ?, ?, ?, ?, ?, ? )\r\n### Cause: java.sql.SQLException: Field \'station_id\' doesn\'t have a default value\n; Field \'station_id\' doesn\'t have a default value; nested exception is java.sql.SQLException: Field \'station_id\' doesn\'t have a default value','2021-07-02 12:11:19'),(134,'ç«™ç‚¹',1,'com.ruoyi.usertool.controller.StationController.addSave()','POST',1,'admin','ç ”å‘éƒ¨é—¨','/usertool/station/add','127.0.0.1','å†…ç½‘IP','{\"stationName\":[\"1\"],\"websiteUrl\":[\"1\"],\"downloadUrl\":[\"1\"],\"appName\":[\"1\"],\"description\":[\"1\"],\"valid\":[\"0\"]}','{\r\n  \"msg\" : \"æ“ä½œæˆåŠŸ\",\r\n  \"code\" : 0\r\n}',0,NULL,'2021-07-02 12:21:21'),(135,'ç«™ç‚¹',3,'com.ruoyi.usertool.controller.StationController.remove()','POST',1,'admin','ç ”å‘éƒ¨é—¨','/usertool/station/remove','127.0.0.1','å†…ç½‘IP','{\"ids\":[\"2\"]}','{\r\n  \"msg\" : \"æ“ä½œå¤±è´¥\",\r\n  \"code\" : 500\r\n}',0,NULL,'2021-07-02 13:57:10'),(136,'ç«™ç‚¹',3,'com.ruoyi.usertool.controller.StationController.remove()','POST',1,'admin','ç ”å‘éƒ¨é—¨','/usertool/station/remove','127.0.0.1','å†…ç½‘IP','{\"ids\":[\"2\"]}','{\r\n  \"msg\" : \"æ“ä½œå¤±è´¥\",\r\n  \"code\" : 500\r\n}',0,NULL,'2021-07-02 13:57:14'),(137,'ç«™ç‚¹',3,'com.ruoyi.usertool.controller.StationController.remove()','POST',1,'admin','ç ”å‘éƒ¨é—¨','/usertool/station/remove','127.0.0.1','å†…ç½‘IP','{\"ids\":[\"2\"]}','{\r\n  \"msg\" : \"æ“ä½œå¤±è´¥\",\r\n  \"code\" : 500\r\n}',0,NULL,'2021-07-02 13:57:47'),(138,'ç«™ç‚¹',3,'com.ruoyi.usertool.controller.StationController.remove()','POST',1,'admin','ç ”å‘éƒ¨é—¨','/usertool/station/remove','127.0.0.1','å†…ç½‘IP','{\"ids\":[\"2\"]}','{\r\n  \"msg\" : \"æ“ä½œå¤±è´¥\",\r\n  \"code\" : 500\r\n}',0,NULL,'2021-07-02 14:09:21'),(139,'ç«™ç‚¹',3,'com.ruoyi.usertool.controller.StationController.remove()','POST',1,'admin','ç ”å‘éƒ¨é—¨','/usertool/station/remove','127.0.0.1','å†…ç½‘IP','{\"ids\":[\"2\"]}','{\r\n  \"msg\" : \"æ“ä½œå¤±è´¥\",\r\n  \"code\" : 500\r\n}',0,NULL,'2021-07-02 14:17:42'),(140,'ç«™ç‚¹',3,'com.ruoyi.usertool.controller.StationController.remove()','POST',1,'admin','ç ”å‘éƒ¨é—¨','/usertool/station/remove','127.0.0.1','å†…ç½‘IP','{\"ids\":[\"2\"]}',NULL,1,'Invalid bound statement (not found): com.ruoyi.usertool.mapper.StationMapper.deleteStationByIds','2021-07-02 14:31:43'),(141,'ç«™ç‚¹',3,'com.ruoyi.usertool.controller.StationController.remove()','POST',1,'admin','ç ”å‘éƒ¨é—¨','/usertool/station/remove','127.0.0.1','å†…ç½‘IP','{\"ids\":[\"2\"]}',NULL,1,'Invalid bound statement (not found): com.ruoyi.usertool.mapper.StationMapper.deleteStationByIds','2021-07-02 14:33:46'),(142,'ç«™ç‚¹',3,'com.ruoyi.usertool.controller.StationController.remove()','POST',1,'admin','ç ”å‘éƒ¨é—¨','/usertool/station/remove','127.0.0.1','å†…ç½‘IP','{\"ids\":[\"2\"]}','{\r\n  \"msg\" : \"æ“ä½œæˆåŠŸ\",\r\n  \"code\" : 0\r\n}',0,NULL,'2021-07-03 01:08:36'),(143,'ç«™ç‚¹',1,'com.ruoyi.usertool.controller.StationController.addSave()','POST',1,'admin','ç ”å‘éƒ¨é—¨','/usertool/station/add','127.0.0.1','å†…ç½‘IP','{\"stationName\":[\"1\"],\"websiteUrl\":[\"11\"],\"downloadUrl\":[\"1\"],\"appName\":[\"1\"],\"description\":[\"1\"],\"valid\":[\"0\"]}',NULL,1,'\r\n### Error updating database.  Cause: java.sql.SQLIntegrityConstraintViolationException: Duplicate entry \'1\' for key \'stations.station_UNIQUE\'\r\n### The error may exist in com/ruoyi/usertool/mapper/StationMapper.java (best guess)\r\n### The error may involve com.ruoyi.usertool.mapper.StationMapper.insert-Inline\r\n### The error occurred while setting parameters\r\n### SQL: INSERT INTO stations  ( station_name, website_url, download_url, app_name, description, valid )  VALUES  ( ?, ?, ?, ?, ?, ? )\r\n### Cause: java.sql.SQLIntegrityConstraintViolationException: Duplicate entry \'1\' for key \'stations.station_UNIQUE\'\n; Duplicate entry \'1\' for key \'stations.station_UNIQUE\'; nested exception is java.sql.SQLIntegrityConstraintViolationException: Duplicate entry \'1\' for key \'stations.station_UNIQUE\'','2021-07-03 01:10:08'),(144,'ç«™ç‚¹',1,'com.ruoyi.usertool.controller.StationController.addSave()','POST',1,'admin','ç ”å‘éƒ¨é—¨','/usertool/station/add','127.0.0.1','å†…ç½‘IP','{\"stationName\":[\"1\"],\"websiteUrl\":[\"11\"],\"downloadUrl\":[\"1\"],\"appName\":[\"1\"],\"description\":[\"1\"],\"valid\":[\"0\"]}',NULL,1,'\r\n### Error updating database.  Cause: java.sql.SQLIntegrityConstraintViolationException: Duplicate entry \'1\' for key \'stations.station_UNIQUE\'\r\n### The error may exist in com/ruoyi/usertool/mapper/StationMapper.java (best guess)\r\n### The error may involve com.ruoyi.usertool.mapper.StationMapper.insert-Inline\r\n### The error occurred while setting parameters\r\n### SQL: INSERT INTO stations  ( station_name, website_url, download_url, app_name, description, valid )  VALUES  ( ?, ?, ?, ?, ?, ? )\r\n### Cause: java.sql.SQLIntegrityConstraintViolationException: Duplicate entry \'1\' for key \'stations.station_UNIQUE\'\n; Duplicate entry \'1\' for key \'stations.station_UNIQUE\'; nested exception is java.sql.SQLIntegrityConstraintViolationException: Duplicate entry \'1\' for key \'stations.station_UNIQUE\'','2021-07-03 01:15:07'),(145,'ç«™ç‚¹',1,'com.ruoyi.usertool.controller.StationController.addSave()','POST',1,'admin','ç ”å‘éƒ¨é—¨','/usertool/station/add','127.0.0.1','å†…ç½‘IP','{\"stationName\":[\"1\"],\"websiteUrl\":[\"11\"],\"downloadUrl\":[\"1\"],\"appName\":[\"1\"],\"description\":[\"1\"],\"valid\":[\"0\"]}','{\r\n  \"msg\" : \"æ“ä½œæˆåŠŸ\",\r\n  \"code\" : 0\r\n}',0,NULL,'2021-07-03 01:15:40'),(146,'ç«™ç‚¹',3,'com.ruoyi.usertool.controller.StationController.remove()','POST',1,'admin','ç ”å‘éƒ¨é—¨','/usertool/station/remove','127.0.0.1','å†…ç½‘IP','{\"ids\":[\"5\"]}','{\r\n  \"msg\" : \"æ“ä½œæˆåŠŸ\",\r\n  \"code\" : 0\r\n}',0,NULL,'2021-07-03 01:15:49'),(147,'ç«™ç‚¹',1,'com.ruoyi.usertool.controller.StationController.addSave()','POST',1,'admin','ç ”å‘éƒ¨é—¨','/usertool/station/add','127.0.0.1','å†…ç½‘IP','{\"stationName\":[\"1\"],\"websiteUrl\":[\"1\"],\"downloadUrl\":[\"1\"],\"appName\":[\"1\"],\"description\":[\"1\"],\"valid\":[\"0\"]}',NULL,1,'\r\n### Error updating database.  Cause: java.sql.SQLIntegrityConstraintViolationException: Duplicate entry \'1\' for key \'stations.station_UNIQUE\'\r\n### The error may exist in com/ruoyi/usertool/mapper/StationMapper.java (best guess)\r\n### The error may involve com.ruoyi.usertool.mapper.StationMapper.insert-Inline\r\n### The error occurred while setting parameters\r\n### SQL: INSERT INTO stations  ( station_name, website_url, download_url, app_name, description, valid )  VALUES  ( ?, ?, ?, ?, ?, ? )\r\n### Cause: java.sql.SQLIntegrityConstraintViolationException: Duplicate entry \'1\' for key \'stations.station_UNIQUE\'\n; Duplicate entry \'1\' for key \'stations.station_UNIQUE\'; nested exception is java.sql.SQLIntegrityConstraintViolationException: Duplicate entry \'1\' for key \'stations.station_UNIQUE\'','2021-07-03 02:34:37'),(148,'ç«™ç‚¹',1,'com.ruoyi.usertool.controller.StationController.addSave()','POST',1,'admin','ç ”å‘éƒ¨é—¨','/usertool/station/add','127.0.0.1','å†…ç½‘IP','{\"stationName\":[\"1\"],\"websiteUrl\":[\"1\"],\"downloadUrl\":[\"1\"],\"appName\":[\"1\"],\"description\":[\"1\"],\"valid\":[\"0\"]}',NULL,1,'\r\n### Error updating database.  Cause: java.sql.SQLIntegrityConstraintViolationException: Duplicate entry \'1\' for key \'stations.station_UNIQUE\'\r\n### The error may exist in com/ruoyi/usertool/mapper/StationMapper.java (best guess)\r\n### The error may involve com.ruoyi.usertool.mapper.StationMapper.insert-Inline\r\n### The error occurred while setting parameters\r\n### SQL: INSERT INTO stations  ( station_name, website_url, download_url, app_name, description, valid )  VALUES  ( ?, ?, ?, ?, ?, ? )\r\n### Cause: java.sql.SQLIntegrityConstraintViolationException: Duplicate entry \'1\' for key \'stations.station_UNIQUE\'\n; Duplicate entry \'1\' for key \'stations.station_UNIQUE\'; nested exception is java.sql.SQLIntegrityConstraintViolationException: Duplicate entry \'1\' for key \'stations.station_UNIQUE\'','2021-07-03 02:34:57'),(149,'ç«™ç‚¹',1,'com.ruoyi.usertool.controller.StationController.addSave()','POST',1,'admin','ç ”å‘éƒ¨é—¨','/usertool/station/add','127.0.0.1','å†…ç½‘IP','{\"stationName\":[\"1\"],\"websiteUrl\":[\"1\"],\"downloadUrl\":[\"1\"],\"appName\":[\"1\"],\"description\":[\"1\"],\"valid\":[\"0\"]}',NULL,1,'\r\n### Error updating database.  Cause: java.sql.SQLIntegrityConstraintViolationException: Duplicate entry \'1\' for key \'stations.station_UNIQUE\'\r\n### The error may exist in com/ruoyi/usertool/mapper/StationMapper.java (best guess)\r\n### The error may involve com.ruoyi.usertool.mapper.StationMapper.insert-Inline\r\n### The error occurred while setting parameters\r\n### SQL: INSERT INTO stations  ( station_name, website_url, download_url, app_name, description, valid )  VALUES  ( ?, ?, ?, ?, ?, ? )\r\n### Cause: java.sql.SQLIntegrityConstraintViolationException: Duplicate entry \'1\' for key \'stations.station_UNIQUE\'\n; Duplicate entry \'1\' for key \'stations.station_UNIQUE\'; nested exception is java.sql.SQLIntegrityConstraintViolationException: Duplicate entry \'1\' for key \'stations.station_UNIQUE\'','2021-07-03 02:35:04'),(150,'ç«™ç‚¹',1,'com.ruoyi.usertool.controller.StationController.addSave()','POST',1,'admin','ç ”å‘éƒ¨é—¨','/usertool/station/add','127.0.0.1','å†…ç½‘IP','{\"stationName\":[\"1\"],\"websiteUrl\":[\"1\"],\"downloadUrl\":[\"1\"],\"appName\":[\"1\"],\"description\":[\"1\"],\"valid\":[\"0\"]}',NULL,1,'\r\n### Error updating database.  Cause: java.sql.SQLIntegrityConstraintViolationException: Duplicate entry \'1\' for key \'stations.station_UNIQUE\'\r\n### The error may exist in com/ruoyi/usertool/mapper/StationMapper.java (best guess)\r\n### The error may involve com.ruoyi.usertool.mapper.StationMapper.insert-Inline\r\n### The error occurred while setting parameters\r\n### SQL: INSERT INTO stations  ( station_name, website_url, download_url, app_name, description, valid )  VALUES  ( ?, ?, ?, ?, ?, ? )\r\n### Cause: java.sql.SQLIntegrityConstraintViolationException: Duplicate entry \'1\' for key \'stations.station_UNIQUE\'\n; Duplicate entry \'1\' for key \'stations.station_UNIQUE\'; nested exception is java.sql.SQLIntegrityConstraintViolationException: Duplicate entry \'1\' for key \'stations.station_UNIQUE\'','2021-07-03 02:38:16'),(151,'ç«™ç‚¹',1,'com.ruoyi.usertool.controller.StationController.addSave()','POST',1,'admin','ç ”å‘éƒ¨é—¨','/usertool/station/add','127.0.0.1','å†…ç½‘IP','{\"stationName\":[\"1\"],\"websiteUrl\":[\"1\"],\"downloadUrl\":[\"1\"],\"appName\":[\"1\"],\"description\":[\"1\"],\"valid\":[\"0\"]}',NULL,1,'\r\n### Error updating database.  Cause: java.sql.SQLIntegrityConstraintViolationException: Duplicate entry \'11-1\' for key \'stations.PRIMARY\'\r\n### The error may exist in com/ruoyi/usertool/mapper/StationMapper.java (best guess)\r\n### The error may involve com.ruoyi.usertool.mapper.StationMapper.insert-Inline\r\n### The error occurred while setting parameters\r\n### SQL: INSERT INTO stations  ( station_id, station_name, website_url, download_url, app_name, description, valid )  VALUES  ( ?, ?, ?, ?, ?, ?, ? )\r\n### Cause: java.sql.SQLIntegrityConstraintViolationException: Duplicate entry \'11-1\' for key \'stations.PRIMARY\'\n; Duplicate entry \'11-1\' for key \'stations.PRIMARY\'; nested exception is java.sql.SQLIntegrityConstraintViolationException: Duplicate entry \'11-1\' for key \'stations.PRIMARY\'','2021-07-03 02:49:50'),(152,'ç«™ç‚¹',1,'com.ruoyi.usertool.controller.StationController.addSave()','POST',1,'admin','ç ”å‘éƒ¨é—¨','/usertool/station/add','127.0.0.1','å†…ç½‘IP','{\"stationName\":[\"1\"],\"websiteUrl\":[\"\"],\"downloadUrl\":[\"\"],\"appName\":[\"\"],\"description\":[\"\"],\"valid\":[\"0\"]}','{\r\n  \"msg\" : \"æ“ä½œæˆåŠŸ\",\r\n  \"code\" : 0\r\n}',0,NULL,'2021-07-03 02:52:40'),(153,'ç«™ç‚¹',2,'com.ruoyi.usertool.controller.StationController.editSave()','POST',1,'admin','ç ”å‘éƒ¨é—¨','/usertool/station/edit','127.0.0.1','å†…ç½‘IP','{\"stationId\":[\"12\"],\"stationName\":[\"å¾®ä¿¡\"],\"websiteUrl\":[\"\"],\"downloadUrl\":[\"\"],\"appName\":[\"\"],\"description\":[\"\"],\"valid\":[\"0\"],\"deleted\":[\"0\"]}','{\r\n  \"msg\" : \"æ“ä½œæˆåŠŸ\",\r\n  \"code\" : 0\r\n}',0,NULL,'2021-07-03 02:53:03'),(154,'ç«™ç‚¹',2,'com.ruoyi.usertool.controller.StationController.editSave()','POST',1,'admin','ç ”å‘éƒ¨é—¨','/usertool/station/edit','127.0.0.1','å†…ç½‘IP','{\"stationId\":[\"12\"],\"stationName\":[\"å¾®ä¿¡\"],\"websiteUrl\":[\"weiw\"],\"downloadUrl\":[\"afsdf\"],\"appName\":[\"asdt\"],\"description\":[\"asdf\"],\"valid\":[\"0\"],\"deleted\":[\"0\"]}','{\r\n  \"msg\" : \"æ“ä½œæˆåŠŸ\",\r\n  \"code\" : 0\r\n}',0,NULL,'2021-07-03 03:03:25'),(155,'ç«™ç‚¹',3,'com.ruoyi.usertool.controller.StationController.remove()','POST',1,'admin','ç ”å‘éƒ¨é—¨','/usertool/station/remove','127.0.0.1','å†…ç½‘IP','{\"ids\":[\"11,12\"]}','{\r\n  \"msg\" : \"æ“ä½œæˆåŠŸ\",\r\n  \"code\" : 0\r\n}',0,NULL,'2021-07-03 03:08:57'),(156,'ç«™ç‚¹',1,'com.ruoyi.usertool.controller.StationController.addSave()','POST',1,'admin','ç ”å‘éƒ¨é—¨','/usertool/station/add','127.0.0.1','å†…ç½‘IP','{\"stationName\":[\"1\"],\"websiteUrl\":[\"\"],\"downloadUrl\":[\"\"],\"appName\":[\"\"],\"description\":[\"\"],\"valid\":[\"0\"]}','{\r\n  \"msg\" : \"æ“ä½œæˆåŠŸ\",\r\n  \"code\" : 0\r\n}',0,NULL,'2021-07-03 03:12:13'),(157,'ç«™ç‚¹',2,'com.ruoyi.usertool.controller.StationController.editSave()','POST',1,'admin','ç ”å‘éƒ¨é—¨','/usertool/station/edit','127.0.0.1','å†…ç½‘IP','{\"stationId\":[\"13\"],\"stationName\":[\"1\"],\"websiteUrl\":[\"\"],\"downloadUrl\":[\"\"],\"appName\":[\"\"],\"description\":[\"\"],\"valid\":[\"0\"],\"deleted\":[\"1\"]}','{\r\n  \"msg\" : \"æ“ä½œæˆåŠŸ\",\r\n  \"code\" : 0\r\n}',0,NULL,'2021-07-03 03:12:21'),(158,'ç«™ç‚¹',2,'com.ruoyi.usertool.controller.StationController.editSave()','POST',1,'admin','ç ”å‘éƒ¨é—¨','/usertool/station/edit','127.0.0.1','å†…ç½‘IP','{\"stationId\":[\"13\"],\"stationName\":[\"1\"],\"websiteUrl\":[\"\"],\"downloadUrl\":[\"\"],\"appName\":[\"\"],\"description\":[\"\"],\"valid\":[\"1\"]}','{\r\n  \"msg\" : \"æ“ä½œæˆåŠŸ\",\r\n  \"code\" : 0\r\n}',0,NULL,'2021-07-03 03:21:06'),(159,'ç«™ç‚¹',2,'com.ruoyi.usertool.controller.StationController.editSave()','POST',1,'admin','ç ”å‘éƒ¨é—¨','/usertool/station/edit','127.0.0.1','å†…ç½‘IP','{\"stationId\":[\"13\"],\"stationName\":[\"1\"],\"websiteUrl\":[\"\"],\"downloadUrl\":[\"\"],\"appName\":[\"\"],\"description\":[\"\"],\"valid\":[\"0\"]}','{\r\n  \"msg\" : \"æ“ä½œæˆåŠŸ\",\r\n  \"code\" : 0\r\n}',0,NULL,'2021-07-03 05:08:02'),(160,'ç«™ç‚¹',2,'com.ruoyi.usertool.controller.StationController.editSave()','POST',1,'admin','ç ”å‘éƒ¨é—¨','/usertool/station/edit','127.0.0.1','å†…ç½‘IP','{\"stationId\":[\"1\"],\"stationName\":[\"å¾®ä¿¡\"],\"websiteUrl\":[\"https://wx.qq.com/\"],\"downloadUrl\":[\"https://weixin.qq.com/\"],\"appName\":[\"å¾®ä¿¡\"],\"description\":[\"å¾®ä¿¡haha\"],\"valid\":[\"1\"]}','{\r\n  \"msg\" : \"æ“ä½œæˆåŠŸ\",\r\n  \"code\" : 0\r\n}',0,NULL,'2021-07-03 05:08:06'),(161,'ä»£ç ç”Ÿæˆ',3,'com.ruoyi.generator.controller.GenController.remove()','POST',1,'admin','ç ”å‘éƒ¨é—¨','/tool/gen/remove','127.0.0.1','å†…ç½‘IP','{\"ids\":[\"2\"]}','{\r\n  \"msg\" : \"æ“ä½œæˆåŠŸ\",\r\n  \"code\" : 0\r\n}',0,NULL,'2021-07-03 05:18:51'),(162,'ä»£ç ç”Ÿæˆ',6,'com.ruoyi.generator.controller.GenController.importTableSave()','POST',1,'admin','ç ”å‘éƒ¨é—¨','/tool/gen/importTable','127.0.0.1','å†…ç½‘IP','{\"tables\":[\"accounts\"]}','{\r\n  \"msg\" : \"æ“ä½œæˆåŠŸ\",\r\n  \"code\" : 0\r\n}',0,NULL,'2021-07-03 05:19:02'),(163,'å­—å…¸ç±»å‹',1,'com.ruoyi.web.controller.system.SysDictTypeController.addSave()','POST',1,'admin','ç ”å‘éƒ¨é—¨','/system/dict/add','127.0.0.1','å†…ç½‘IP','{\"dictName\":[\"ç”¨æˆ·å\"],\"dictType\":[\"sys_user_name\"],\"status\":[\"0\"],\"remark\":[\"ç”¨æˆ·ååˆ—è¡¨\"]}','{\r\n  \"msg\" : \"æ“ä½œæˆåŠŸ\",\r\n  \"code\" : 0\r\n}',0,NULL,'2021-07-03 05:22:09'),(164,'å­—å…¸ç±»å‹',1,'com.ruoyi.web.controller.system.SysDictTypeController.addSave()','POST',1,'admin','ç ”å‘éƒ¨é—¨','/system/dict/add','127.0.0.1','å†…ç½‘IP','{\"dictName\":[\"ç«™ç‚¹å\"],\"dictType\":[\"ç«™ç‚¹ååˆ—è¡¨\"],\"status\":[\"0\"],\"remark\":[\"\"]}','{\r\n  \"msg\" : \"æ“ä½œæˆåŠŸ\",\r\n  \"code\" : 0\r\n}',0,NULL,'2021-07-03 05:23:04'),(165,'å­—å…¸ç±»å‹',2,'com.ruoyi.web.controller.system.SysDictTypeController.editSave()','POST',1,'admin','ç ”å‘éƒ¨é—¨','/system/dict/edit','127.0.0.1','å†…ç½‘IP','{\"dictId\":[\"101\"],\"dictName\":[\"ç«™ç‚¹å\"],\"dictType\":[\"user_station_name\"],\"status\":[\"0\"],\"remark\":[\"ç«™ç‚¹ååˆ—è¡¨\"]}','{\r\n  \"msg\" : \"æ“ä½œæˆåŠŸ\",\r\n  \"code\" : 0\r\n}',0,NULL,'2021-07-03 05:23:51'),(166,'å­—å…¸ç±»å‹',2,'com.ruoyi.web.controller.system.SysDictTypeController.editSave()','POST',1,'admin','ç ”å‘éƒ¨é—¨','/system/dict/edit','127.0.0.1','å†…ç½‘IP','{\"dictId\":[\"101\"],\"dictName\":[\"ç«™ç‚¹å\"],\"dictType\":[\"user_account_manage_station_name\"],\"status\":[\"0\"],\"remark\":[\"ç«™ç‚¹ååˆ—è¡¨\"]}','{\r\n  \"msg\" : \"æ“ä½œæˆåŠŸ\",\r\n  \"code\" : 0\r\n}',0,NULL,'2021-07-03 05:24:40'),(167,'ä»£ç ç”Ÿæˆ',2,'com.ruoyi.generator.controller.GenController.editSave()','POST',1,'admin','ç ”å‘éƒ¨é—¨','/tool/gen/edit','127.0.0.1','å†…ç½‘IP','{\"tableId\":[\"6\"],\"tableName\":[\"accounts\"],\"tableComment\":[\"è´¦æˆ·è¡¨\"],\"className\":[\"Account\"],\"functionAuthor\":[\"ruoyi\"],\"remark\":[\"\"],\"columns[0].columnId\":[\"46\"],\"columns[0].sort\":[\"1\"],\"columns[0].columnComment\":[\"id\"],\"columns[0].javaType\":[\"String\"],\"columns[0].javaField\":[\"id\"],\"columns[0].queryType\":[\"EQ\"],\"columns[0].htmlType\":[\"input\"],\"columns[0].dictType\":[\"\"],\"columns[1].columnId\":[\"47\"],\"columns[1].sort\":[\"2\"],\"columns[1].columnComment\":[\"å½’å±\"],\"columns[1].javaType\":[\"Long\"],\"columns[1].javaField\":[\"userId\"],\"columns[1].isInsert\":[\"1\"],\"columns[1].isEdit\":[\"1\"],\"columns[1].isList\":[\"1\"],\"columns[1].isQuery\":[\"1\"],\"columns[1].queryType\":[\"LIKE\"],\"columns[1].isRequired\":[\"1\"],\"columns[1].htmlType\":[\"select\"],\"columns[1].dictType\":[\"sys_user_name\"],\"columns[2].columnId\":[\"48\"],\"columns[2].sort\":[\"3\"],\"columns[2].columnComment\":[\"ç«™ç‚¹\"],\"columns[2].javaType\":[\"String\"],\"columns[2].javaField\":[\"stationId\"],\"columns[2].isInsert\":[\"1\"],\"columns[2].isEdit\":[\"1\"],\"columns[2].isList\":[\"1\"],\"columns[2].isQuery\":[\"1\"],\"columns[2].queryType\":[\"LIKE\"],\"columns[2].isRequired\":[\"1\"],\"columns[2].htmlType\":[\"select\"],\"columns[2].dictType\":[\"user_account_manage_station_name\"],\"columns[3].columnId\":[\"49\"],\"columns[3].sort\":[\"4\"],\"columns[3].columnComment\":[\"è´¦æˆ·å\"],\"columns[3].javaType\":[\"String\"],\"columns[3].javaField\":[\"accountId\"],\"columns[3].isInsert\":[\"1\"],\"columns[3].isEdit\":[\"1\"],\"columns[3].isList\":[\"1\"],\"columns[3].isQuery\":[\"1\"],\"columns[3].queryType\":[\"LIKE\"],\"columns[3].isRequired\":[\"1\"],\"columns[3].htmlType\":[\"input\"],\"columns[3].dictType\":[\"\"],\"columns[4].columnId\":[\"50\"],\"columns[4].sort\":[\"5\"],\"columns[4].columnComment\":[\"è´¦æˆ·æ˜µç§°\"],\"columns[4].javaType\":[\"String\"],\"columns[4].javaField\":[\"nickName\"],\"columns[4].isInsert\":[\"1\"],\"columns[4].isEdit\":[\"1\"],\"columns[4].isList\":[\"1\"],\"columns[4].isQuery\":[\"1\"],\"columns[4].queryType\":[\"LIKE\"],\"columns[4].htmlType\":[\"input\"],\"columns[4].dictType\":[\"\"],\"columns[5].columnId\":[\"51\"],\"columns[5].sort\":[\"6\"],\"columns[5].columnCommen','{\r\n  \"msg\" : \"æ“ä½œæˆåŠŸ\",\r\n  \"code\" : 0\r\n}',0,NULL,'2021-07-03 05:32:31'),(168,'ä»£ç ç”Ÿæˆ',2,'com.ruoyi.generator.controller.GenController.editSave()','POST',1,'admin','ç ”å‘éƒ¨é—¨','/tool/gen/edit','127.0.0.1','å†…ç½‘IP','{\"tableId\":[\"6\"],\"tableName\":[\"accounts\"],\"tableComment\":[\"è´¦æˆ·è¡¨\"],\"className\":[\"Account\"],\"functionAuthor\":[\"ruoyi\"],\"remark\":[\"\"],\"columns[0].columnId\":[\"46\"],\"columns[0].sort\":[\"1\"],\"columns[0].columnComment\":[\"id\"],\"columns[0].javaType\":[\"String\"],\"columns[0].javaField\":[\"id\"],\"columns[0].queryType\":[\"EQ\"],\"columns[0].htmlType\":[\"input\"],\"columns[0].dictType\":[\"\"],\"columns[1].columnId\":[\"47\"],\"columns[1].sort\":[\"2\"],\"columns[1].columnComment\":[\"å½’å±\"],\"columns[1].javaType\":[\"Long\"],\"columns[1].javaField\":[\"userId\"],\"columns[1].isInsert\":[\"1\"],\"columns[1].isEdit\":[\"1\"],\"columns[1].isList\":[\"1\"],\"columns[1].isQuery\":[\"1\"],\"columns[1].queryType\":[\"LIKE\"],\"columns[1].isRequired\":[\"1\"],\"columns[1].htmlType\":[\"select\"],\"columns[1].dictType\":[\"sys_user_name\"],\"columns[2].columnId\":[\"48\"],\"columns[2].sort\":[\"3\"],\"columns[2].columnComment\":[\"ç«™ç‚¹\"],\"columns[2].javaType\":[\"String\"],\"columns[2].javaField\":[\"stationId\"],\"columns[2].isInsert\":[\"1\"],\"columns[2].isEdit\":[\"1\"],\"columns[2].isList\":[\"1\"],\"columns[2].isQuery\":[\"1\"],\"columns[2].queryType\":[\"LIKE\"],\"columns[2].isRequired\":[\"1\"],\"columns[2].htmlType\":[\"select\"],\"columns[2].dictType\":[\"user_account_manage_station_name\"],\"columns[3].columnId\":[\"49\"],\"columns[3].sort\":[\"4\"],\"columns[3].columnComment\":[\"è´¦æˆ·å\"],\"columns[3].javaType\":[\"String\"],\"columns[3].javaField\":[\"accountId\"],\"columns[3].isInsert\":[\"1\"],\"columns[3].isEdit\":[\"1\"],\"columns[3].isList\":[\"1\"],\"columns[3].isQuery\":[\"1\"],\"columns[3].queryType\":[\"LIKE\"],\"columns[3].isRequired\":[\"1\"],\"columns[3].htmlType\":[\"input\"],\"columns[3].dictType\":[\"\"],\"columns[4].columnId\":[\"50\"],\"columns[4].sort\":[\"5\"],\"columns[4].columnComment\":[\"è´¦æˆ·æ˜µç§°\"],\"columns[4].javaType\":[\"String\"],\"columns[4].javaField\":[\"nickName\"],\"columns[4].isInsert\":[\"1\"],\"columns[4].isEdit\":[\"1\"],\"columns[4].isList\":[\"1\"],\"columns[4].isQuery\":[\"1\"],\"columns[4].queryType\":[\"LIKE\"],\"columns[4].htmlType\":[\"input\"],\"columns[4].dictType\":[\"\"],\"columns[5].columnId\":[\"51\"],\"columns[5].sort\":[\"6\"],\"columns[5].columnCommen','{\r\n  \"msg\" : \"æ“ä½œæˆåŠŸ\",\r\n  \"code\" : 0\r\n}',0,NULL,'2021-07-03 05:34:39'),(169,'ä»£ç ç”Ÿæˆ',2,'com.ruoyi.generator.controller.GenController.synchDb()','GET',1,'admin','ç ”å‘éƒ¨é—¨','/tool/gen/synchDb/accounts','127.0.0.1','å†…ç½‘IP','\"accounts\"','{\r\n  \"msg\" : \"æ“ä½œæˆåŠŸ\",\r\n  \"code\" : 0\r\n}',0,NULL,'2021-07-03 05:34:42'),(170,'å­—å…¸ç±»å‹',1,'com.ruoyi.web.controller.system.SysDictTypeController.addSave()','POST',1,'admin','ç ”å‘éƒ¨é—¨','/system/dict/add','127.0.0.1','å†…ç½‘IP','{\"dictName\":[\"è´¦æˆ·çŠ¶æ€\"],\"dictType\":[\"user_account_manage_account_status\"],\"status\":[\"0\"],\"remark\":[\"\"]}','{\r\n  \"msg\" : \"æ“ä½œæˆåŠŸ\",\r\n  \"code\" : 0\r\n}',0,NULL,'2021-07-03 05:36:22'),(171,'å­—å…¸ç±»å‹',2,'com.ruoyi.web.controller.system.SysDictTypeController.editSave()','POST',1,'admin','ç ”å‘éƒ¨é—¨','/system/dict/edit','127.0.0.1','å†…ç½‘IP','{\"dictId\":[\"102\"],\"dictName\":[\"è´¦æˆ·çŠ¶æ€\"],\"dictType\":[\"user_account_manage_account_status\"],\"status\":[\"0\"],\"remark\":[\"è´¦æˆ·çŠ¶æ€åˆ—è¡¨\"]}','{\r\n  \"msg\" : \"æ“ä½œæˆåŠŸ\",\r\n  \"code\" : 0\r\n}',0,NULL,'2021-07-03 05:36:41'),(172,'å­—å…¸ç±»å‹',1,'com.ruoyi.web.controller.system.SysDictTypeController.addSave()','POST',1,'admin','ç ”å‘éƒ¨é—¨','/system/dict/add','127.0.0.1','å†…ç½‘IP','{\"dictName\":[\"ç«™ç‚¹çŠ¶æ€\"],\"dictType\":[\"user_account_manage_station_status\"],\"status\":[\"0\"],\"remark\":[\"ç«™ç‚¹çŠ¶æ€\"]}','{\r\n  \"msg\" : \"æ“ä½œæˆåŠŸ\",\r\n  \"code\" : 0\r\n}',0,NULL,'2021-07-03 06:59:57'),(173,'å­—å…¸æ•°æ®',1,'com.ruoyi.web.controller.system.SysDictDataController.addSave()','POST',1,'admin','ç ”å‘éƒ¨é—¨','/system/dict/data/add','127.0.0.1','å†…ç½‘IP','{\"dictLabel\":[\"è¿è¥\"],\"dictValue\":[\"0\"],\"dictType\":[\"user_account_manage_station_status\"],\"cssClass\":[\"\"],\"dictSort\":[\"1\"],\"listClass\":[\"primary\"],\"isDefault\":[\"Y\"],\"status\":[\"0\"],\"remark\":[\"è¿è¥çŠ¶æ€\"]}','{\r\n  \"msg\" : \"æ“ä½œæˆåŠŸ\",\r\n  \"code\" : 0\r\n}',0,NULL,'2021-07-03 07:02:39'),(174,'å­—å…¸æ•°æ®',2,'com.ruoyi.web.controller.system.SysDictDataController.editSave()','POST',1,'admin','ç ”å‘éƒ¨é—¨','/system/dict/data/edit','127.0.0.1','å†…ç½‘IP','{\"dictCode\":[\"100\"],\"dictLabel\":[\"è¿è¥\"],\"dictValue\":[\"0\"],\"dictType\":[\"user_account_manage_station_status\"],\"cssClass\":[\"\"],\"dictSort\":[\"1\"],\"listClass\":[\"success\"],\"isDefault\":[\"Y\"],\"status\":[\"0\"],\"remark\":[\"è¿è¥çŠ¶æ€\"]}','{\r\n  \"msg\" : \"æ“ä½œæˆåŠŸ\",\r\n  \"code\" : 0\r\n}',0,NULL,'2021-07-03 07:02:48'),(175,'å­—å…¸æ•°æ®',2,'com.ruoyi.web.controller.system.SysDictDataController.editSave()','POST',1,'admin','ç ”å‘éƒ¨é—¨','/system/dict/data/edit','127.0.0.1','å†…ç½‘IP','{\"dictCode\":[\"100\"],\"dictLabel\":[\"è¿è¥\"],\"dictValue\":[\"0\"],\"dictType\":[\"user_account_manage_station_status\"],\"cssClass\":[\"\"],\"dictSort\":[\"1\"],\"listClass\":[\"primary\"],\"isDefault\":[\"Y\"],\"status\":[\"0\"],\"remark\":[\"è¿è¥çŠ¶æ€\"]}','{\r\n  \"msg\" : \"æ“ä½œæˆåŠŸ\",\r\n  \"code\" : 0\r\n}',0,NULL,'2021-07-03 07:03:07'),(176,'å­—å…¸æ•°æ®',1,'com.ruoyi.web.controller.system.SysDictDataController.addSave()','POST',1,'admin','ç ”å‘éƒ¨é—¨','/system/dict/data/add','127.0.0.1','å†…ç½‘IP','{\"dictLabel\":[\"ä¸‹çº¿\"],\"dictValue\":[\"1\"],\"dictType\":[\"user_account_manage_station_status\"],\"cssClass\":[\"\"],\"dictSort\":[\"2\"],\"listClass\":[\"primary\"],\"isDefault\":[\"N\"],\"status\":[\"0\"],\"remark\":[\"ä¸‹çº¿çŠ¶æ€\"]}','{\r\n  \"msg\" : \"æ“ä½œæˆåŠŸ\",\r\n  \"code\" : 0\r\n}',0,NULL,'2021-07-03 07:04:27'),(177,'å­—å…¸æ•°æ®',1,'com.ruoyi.web.controller.system.SysDictDataController.addSave()','POST',1,'admin','ç ”å‘éƒ¨é—¨','/system/dict/data/add','127.0.0.1','å†…ç½‘IP','{\"dictLabel\":[\"æ­£å¸¸\"],\"dictValue\":[\"0\"],\"dictType\":[\"user_account_manage_account_status\"],\"cssClass\":[\"\"],\"dictSort\":[\"1\"],\"listClass\":[\"primary\"],\"isDefault\":[\"Y\"],\"status\":[\"0\"],\"remark\":[\"è´¦æˆ·æ­£å¸¸\"]}','{\r\n  \"msg\" : \"æ“ä½œæˆåŠŸ\",\r\n  \"code\" : 0\r\n}',0,NULL,'2021-07-03 07:05:27'),(178,'å­—å…¸æ•°æ®',1,'com.ruoyi.web.controller.system.SysDictDataController.addSave()','POST',1,'admin','ç ”å‘éƒ¨é—¨','/system/dict/data/add','127.0.0.1','å†…ç½‘IP','{\"dictLabel\":[\"å°ç¦\"],\"dictValue\":[\"1\"],\"dictType\":[\"user_account_manage_account_status\"],\"cssClass\":[\"\"],\"dictSort\":[\"2\"],\"listClass\":[\"warning\"],\"isDefault\":[\"N\"],\"status\":[\"0\"],\"remark\":[\"è´¦æˆ·è¢«å°ç¦\"]}','{\r\n  \"msg\" : \"æ“ä½œæˆåŠŸ\",\r\n  \"code\" : 0\r\n}',0,NULL,'2021-07-03 07:06:13'),(179,'å­—å…¸æ•°æ®',1,'com.ruoyi.web.controller.system.SysDictDataController.addSave()','POST',1,'admin','ç ”å‘éƒ¨é—¨','/system/dict/data/add','127.0.0.1','å†…ç½‘IP','{\"dictLabel\":[\"æ³¨é”€\"],\"dictValue\":[\"2\"],\"dictType\":[\"user_account_manage_account_status\"],\"cssClass\":[\"\"],\"dictSort\":[\"3\"],\"listClass\":[\"danger\"],\"isDefault\":[\"N\"],\"status\":[\"0\"],\"remark\":[\"è´¦æˆ·å·²æ³¨é”€\"]}','{\r\n  \"msg\" : \"æ“ä½œæˆåŠŸ\",\r\n  \"code\" : 0\r\n}',0,NULL,'2021-07-03 07:06:47'),(180,'å­—å…¸æ•°æ®',2,'com.ruoyi.web.controller.system.SysDictDataController.editSave()','POST',1,'admin','ç ”å‘éƒ¨é—¨','/system/dict/data/edit','127.0.0.1','å†…ç½‘IP','{\"dictCode\":[\"101\"],\"dictLabel\":[\"ä¸‹çº¿\"],\"dictValue\":[\"1\"],\"dictType\":[\"user_account_manage_station_status\"],\"cssClass\":[\"\"],\"dictSort\":[\"2\"],\"listClass\":[\"danger\"],\"isDefault\":[\"N\"],\"status\":[\"0\"],\"remark\":[\"ä¸‹çº¿çŠ¶æ€\"]}','{\r\n  \"msg\" : \"æ“ä½œæˆåŠŸ\",\r\n  \"code\" : 0\r\n}',0,NULL,'2021-07-03 07:07:05'),(181,'ç«™ç‚¹',1,'com.ruoyi.usertool.controller.StationController.addSave()','POST',1,'admin','ç ”å‘éƒ¨é—¨','/usertool/station/add','127.0.0.1','å†…ç½‘IP','{\"stationName\":[\"22\"],\"websiteUrl\":[\"\"],\"downloadUrl\":[\"\"],\"appName\":[\"\"],\"description\":[\"\"],\"valid\":[\"0\"]}','{\r\n  \"msg\" : \"æ“ä½œæˆåŠŸ\",\r\n  \"code\" : 0\r\n}',0,NULL,'2021-07-03 07:16:24'),(182,'ç«™ç‚¹',1,'com.ruoyi.usertool.controller.StationController.addSave()','POST',1,'admin','ç ”å‘éƒ¨é—¨','/usertool/station/add','127.0.0.1','å†…ç½‘IP','{\"stationName\":[\"3\"],\"websiteUrl\":[\"\"],\"downloadUrl\":[\"\"],\"appName\":[\"\"],\"description\":[\"\"],\"valid\":[\"1\"]}','{\r\n  \"msg\" : \"æ“ä½œæˆåŠŸ\",\r\n  \"code\" : 0\r\n}',0,NULL,'2021-07-03 07:22:48'),(183,'ç«™ç‚¹',1,'com.ruoyi.usertool.controller.StationController.addSave()','POST',1,'admin','ç ”å‘éƒ¨é—¨','/usertool/station/add','127.0.0.1','å†…ç½‘IP','{\"stationName\":[\"4\"],\"websiteUrl\":[\"\"],\"downloadUrl\":[\"\"],\"appName\":[\"\"],\"description\":[\"\"],\"valid\":[\"1\"]}','{\r\n  \"msg\" : \"æ“ä½œæˆåŠŸ\",\r\n  \"code\" : 0\r\n}',0,NULL,'2021-07-03 07:26:18'),(184,'ç«™ç‚¹',1,'com.ruoyi.usertool.controller.StationController.addSave()','POST',1,'admin','ç ”å‘éƒ¨é—¨','/usertool/station/add','127.0.0.1','å†…ç½‘IP','{\"stationName\":[\"5\"],\"websiteUrl\":[\"\"],\"downloadUrl\":[\"\"],\"appName\":[\"\"],\"description\":[\"\"],\"valid\":[\"0\"]}','{\r\n  \"msg\" : \"æ“ä½œæˆåŠŸ\",\r\n  \"code\" : 0\r\n}',0,NULL,'2021-07-03 07:28:54'),(185,'ç«™ç‚¹',1,'com.ruoyi.usertool.controller.StationController.addSave()','POST',1,'admin','ç ”å‘éƒ¨é—¨','/usertool/station/add','127.0.0.1','å†…ç½‘IP','{\"stationName\":[\"5\"],\"websiteUrl\":[\"\"],\"downloadUrl\":[\"\"],\"appName\":[\"\"],\"description\":[\"\"],\"valid\":[\"0\"]}','{\r\n  \"msg\" : \"æ“ä½œæˆåŠŸ\",\r\n  \"code\" : 0\r\n}',0,NULL,'2021-07-03 07:34:26'),(186,'ä»£ç ç”Ÿæˆ',2,'com.ruoyi.generator.controller.GenController.synchDb()','GET',1,'admin','ç ”å‘éƒ¨é—¨','/tool/gen/synchDb/stations','127.0.0.1','å†…ç½‘IP','\"stations\"','{\r\n  \"msg\" : \"æ“ä½œæˆåŠŸ\",\r\n  \"code\" : 0\r\n}',0,NULL,'2021-07-03 07:35:54'),(187,'ä»£ç ç”Ÿæˆ',2,'com.ruoyi.generator.controller.GenController.editSave()','POST',1,'admin','ç ”å‘éƒ¨é—¨','/tool/gen/edit','127.0.0.1','å†…ç½‘IP','{\"tableId\":[\"5\"],\"tableName\":[\"stations\"],\"tableComment\":[\"ç«™ç‚¹è¡¨\"],\"className\":[\"Station\"],\"functionAuthor\":[\"ruoyi\"],\"remark\":[\"\"],\"columns[0].columnId\":[\"36\"],\"columns[0].sort\":[\"1\"],\"columns[0].columnComment\":[\"id\"],\"columns[0].javaType\":[\"Long\"],\"columns[0].javaField\":[\"stationId\"],\"columns[0].queryType\":[\"EQ\"],\"columns[0].htmlType\":[\"input\"],\"columns[0].dictType\":[\"\"],\"columns[1].columnId\":[\"37\"],\"columns[1].sort\":[\"2\"],\"columns[1].columnComment\":[\"ç«™ç‚¹åç§°\"],\"columns[1].javaType\":[\"String\"],\"columns[1].javaField\":[\"stationName\"],\"columns[1].isInsert\":[\"1\"],\"columns[1].isEdit\":[\"1\"],\"columns[1].isList\":[\"1\"],\"columns[1].isQuery\":[\"1\"],\"columns[1].queryType\":[\"LIKE\"],\"columns[1].isRequired\":[\"1\"],\"columns[1].htmlType\":[\"input\"],\"columns[1].dictType\":[\"\"],\"columns[2].columnId\":[\"38\"],\"columns[2].sort\":[\"3\"],\"columns[2].columnComment\":[\"ç«™ç‚¹ç½‘å€\"],\"columns[2].javaType\":[\"String\"],\"columns[2].javaField\":[\"websiteUrl\"],\"columns[2].isInsert\":[\"1\"],\"columns[2].isEdit\":[\"1\"],\"columns[2].isList\":[\"1\"],\"columns[2].isQuery\":[\"1\"],\"columns[2].queryType\":[\"LIKE\"],\"columns[2].htmlType\":[\"input\"],\"columns[2].dictType\":[\"\"],\"columns[3].columnId\":[\"39\"],\"columns[3].sort\":[\"4\"],\"columns[3].columnComment\":[\"å®¢æˆ·ç«¯å\"],\"columns[3].javaType\":[\"String\"],\"columns[3].javaField\":[\"appName\"],\"columns[3].isInsert\":[\"1\"],\"columns[3].isEdit\":[\"1\"],\"columns[3].isList\":[\"1\"],\"columns[3].isQuery\":[\"1\"],\"columns[3].queryType\":[\"LIKE\"],\"columns[3].htmlType\":[\"input\"],\"columns[3].dictType\":[\"\"],\"columns[4].columnId\":[\"45\"],\"columns[4].sort\":[\"4\"],\"columns[4].columnComment\":[\"å®¢æˆ·ç«¯ä¸‹è½½\"],\"columns[4].javaType\":[\"String\"],\"columns[4].javaField\":[\"downloadUrl\"],\"columns[4].isInsert\":[\"1\"],\"columns[4].isEdit\":[\"1\"],\"columns[4].isList\":[\"1\"],\"columns[4].isQuery\":[\"1\"],\"columns[4].queryType\":[\"LIKE\"],\"columns[4].htmlType\":[\"input\"],\"columns[4].dictType\":[\"\"],\"columns[5].columnId\":[\"40\"],\"columns[5].sort\":[\"5\"],\"columns[5].columnComment\":[\"å¤‡æ³¨\"],\"columns[5].javaType\":[\"String\"],\"columns[5].javaField\":[\"description\"],\"colu','{\r\n  \"msg\" : \"æ“ä½œæˆåŠŸ\",\r\n  \"code\" : 0\r\n}',0,NULL,'2021-07-03 07:37:38'),(188,'ä»£ç ç”Ÿæˆ',8,'com.ruoyi.generator.controller.GenController.download()','GET',1,'admin','ç ”å‘éƒ¨é—¨','/tool/gen/download/stations','127.0.0.1','å†…ç½‘IP','\"stations\"',NULL,0,NULL,'2021-07-03 07:37:42'),(189,'ä»£ç ç”Ÿæˆ',2,'com.ruoyi.generator.controller.GenController.editSave()','POST',1,'admin','ç ”å‘éƒ¨é—¨','/tool/gen/edit','127.0.0.1','å†…ç½‘IP','{\"tableId\":[\"5\"],\"tableName\":[\"stations\"],\"tableComment\":[\"ç«™ç‚¹è¡¨\"],\"className\":[\"Station\"],\"functionAuthor\":[\"ruoyi\"],\"remark\":[\"\"],\"columns[0].columnId\":[\"36\"],\"columns[0].sort\":[\"1\"],\"columns[0].columnComment\":[\"id\"],\"columns[0].javaType\":[\"Long\"],\"columns[0].javaField\":[\"stationId\"],\"columns[0].queryType\":[\"EQ\"],\"columns[0].htmlType\":[\"input\"],\"columns[0].dictType\":[\"\"],\"columns[1].columnId\":[\"37\"],\"columns[1].sort\":[\"2\"],\"columns[1].columnComment\":[\"ç«™ç‚¹åç§°\"],\"columns[1].javaType\":[\"String\"],\"columns[1].javaField\":[\"stationName\"],\"columns[1].isInsert\":[\"1\"],\"columns[1].isEdit\":[\"1\"],\"columns[1].isList\":[\"1\"],\"columns[1].isQuery\":[\"1\"],\"columns[1].queryType\":[\"LIKE\"],\"columns[1].isRequired\":[\"1\"],\"columns[1].htmlType\":[\"input\"],\"columns[1].dictType\":[\"\"],\"columns[2].columnId\":[\"38\"],\"columns[2].sort\":[\"3\"],\"columns[2].columnComment\":[\"ç«™ç‚¹ç½‘å€\"],\"columns[2].javaType\":[\"String\"],\"columns[2].javaField\":[\"websiteUrl\"],\"columns[2].isInsert\":[\"1\"],\"columns[2].isEdit\":[\"1\"],\"columns[2].isList\":[\"1\"],\"columns[2].isQuery\":[\"1\"],\"columns[2].queryType\":[\"LIKE\"],\"columns[2].htmlType\":[\"input\"],\"columns[2].dictType\":[\"\"],\"columns[3].columnId\":[\"39\"],\"columns[3].sort\":[\"4\"],\"columns[3].columnComment\":[\"å®¢æˆ·ç«¯å\"],\"columns[3].javaType\":[\"String\"],\"columns[3].javaField\":[\"appName\"],\"columns[3].isInsert\":[\"1\"],\"columns[3].isEdit\":[\"1\"],\"columns[3].isList\":[\"1\"],\"columns[3].isQuery\":[\"1\"],\"columns[3].queryType\":[\"LIKE\"],\"columns[3].htmlType\":[\"input\"],\"columns[3].dictType\":[\"\"],\"columns[4].columnId\":[\"45\"],\"columns[4].sort\":[\"4\"],\"columns[4].columnComment\":[\"å®¢æˆ·ç«¯ä¸‹è½½\"],\"columns[4].javaType\":[\"String\"],\"columns[4].javaField\":[\"downloadUrl\"],\"columns[4].isInsert\":[\"1\"],\"columns[4].isEdit\":[\"1\"],\"columns[4].isList\":[\"1\"],\"columns[4].isQuery\":[\"1\"],\"columns[4].queryType\":[\"LIKE\"],\"columns[4].htmlType\":[\"input\"],\"columns[4].dictType\":[\"\"],\"columns[5].columnId\":[\"40\"],\"columns[5].sort\":[\"5\"],\"columns[5].columnComment\":[\"å¤‡æ³¨\"],\"columns[5].javaType\":[\"String\"],\"columns[5].javaField\":[\"description\"],\"colu','{\r\n  \"msg\" : \"æ“ä½œæˆåŠŸ\",\r\n  \"code\" : 0\r\n}',0,NULL,'2021-07-03 07:40:14'),(190,'ä»£ç ç”Ÿæˆ',8,'com.ruoyi.generator.controller.GenController.download()','GET',1,'admin','ç ”å‘éƒ¨é—¨','/tool/gen/download/stations','127.0.0.1','å†…ç½‘IP','\"stations\"',NULL,0,NULL,'2021-07-03 07:40:16'),(191,'ç«™ç‚¹',1,'com.ruoyi.usertool.controller.StationController.addSave()','POST',1,'admin','ç ”å‘éƒ¨é—¨','/usertool/station/add','127.0.0.1','å†…ç½‘IP','{\"stationName\":[\"èµ›af\"],\"websiteUrl\":[\"\"],\"downloadUrl\":[\"\"],\"appName\":[\"\"],\"description\":[\"\"],\"status\":[\"0\"]}','{\r\n  \"msg\" : \"æ“ä½œæˆåŠŸ\",\r\n  \"code\" : 0\r\n}',0,NULL,'2021-07-03 07:45:23'),(192,'ç«™ç‚¹',1,'com.ruoyi.usertool.controller.StationController.addSave()','POST',1,'admin','ç ”å‘éƒ¨é—¨','/usertool/station/add','127.0.0.1','å†…ç½‘IP','{\"stationName\":[\"8\"],\"websiteUrl\":[\"\"],\"downloadUrl\":[\"\"],\"appName\":[\"\"],\"description\":[\"\"],\"status\":[\"0\"]}','{\r\n  \"msg\" : \"æ“ä½œæˆåŠŸ\",\r\n  \"code\" : 0\r\n}',0,NULL,'2021-07-03 07:50:07'),(193,'ç«™ç‚¹',1,'com.ruoyi.usertool.controller.StationController.addSave()','POST',1,'admin','ç ”å‘éƒ¨é—¨','/usertool/station/add','127.0.0.1','å†…ç½‘IP','{\"stationName\":[\"123154\"],\"websiteUrl\":[\"\"],\"downloadUrl\":[\"\"],\"appName\":[\"\"],\"description\":[\"\"],\"status\":[\"1\"]}','{\r\n  \"msg\" : \"æ“ä½œæˆåŠŸ\",\r\n  \"code\" : 0\r\n}',0,NULL,'2021-07-03 07:56:36'),(194,'ç«™ç‚¹',2,'com.ruoyi.usertool.controller.StationController.editSave()','POST',1,'admin','ç ”å‘éƒ¨é—¨','/usertool/station/edit','127.0.0.1','å†…ç½‘IP','{\"stationId\":[\"5\"],\"stationName\":[\"1\"],\"websiteUrl\":[\"11\"],\"downloadUrl\":[\"1\"],\"appName\":[\"1\"],\"description\":[\"1\"],\"status\":[\"1\"]}','{\r\n  \"msg\" : \"æ“ä½œæˆåŠŸ\",\r\n  \"code\" : 0\r\n}',0,NULL,'2021-07-03 08:07:43'),(195,'ç«™ç‚¹',3,'com.ruoyi.usertool.controller.StationController.remove()','POST',1,'admin','ç ”å‘éƒ¨é—¨','/usertool/station/remove','127.0.0.1','å†…ç½‘IP','{\"ids\":[\"5\"]}','{\r\n  \"msg\" : \"æ“ä½œæˆåŠŸ\",\r\n  \"code\" : 0\r\n}',0,NULL,'2021-07-03 08:08:19'),(196,'ç«™ç‚¹',3,'com.ruoyi.usertool.controller.StationController.remove()','POST',1,'admin','ç ”å‘éƒ¨é—¨','/usertool/station/remove','127.0.0.1','å†…ç½‘IP','{\"ids\":[\"21\"]}','{\r\n  \"msg\" : \"æ“ä½œæˆåŠŸ\",\r\n  \"code\" : 0\r\n}',0,NULL,'2021-07-03 08:20:58'),(197,'ç«™ç‚¹',3,'com.ruoyi.usertool.controller.StationController.remove()','POST',1,'admin','ç ”å‘éƒ¨é—¨','/usertool/station/remove','127.0.0.1','å†…ç½‘IP','{\"ids\":[\"13,14,15,16,17,18,19,20\"]}','{\r\n  \"msg\" : \"æ“ä½œæˆåŠŸ\",\r\n  \"code\" : 0\r\n}',0,NULL,'2021-07-03 08:21:04'),(198,'ç«™ç‚¹',1,'com.ruoyi.usertool.controller.StationController.addSave()','POST',1,'admin','ç ”å‘éƒ¨é—¨','/usertool/station/add','127.0.0.1','å†…ç½‘IP','{\"stationName\":[\"QQ\"],\"websiteUrl\":[\"\"],\"downloadUrl\":[\"\"],\"appName\":[\"\"],\"description\":[\"\"],\"status\":[\"1\"]}','{\r\n  \"msg\" : \"æ“ä½œæˆåŠŸ\",\r\n  \"code\" : 0\r\n}',0,NULL,'2021-07-03 08:21:31'),(199,'ä»£ç ç”Ÿæˆ',2,'com.ruoyi.generator.controller.GenController.synchDb()','GET',1,'admin','ç ”å‘éƒ¨é—¨','/tool/gen/synchDb/accounts','127.0.0.1','å†…ç½‘IP','\"accounts\"','{\r\n  \"msg\" : \"æ“ä½œæˆåŠŸ\",\r\n  \"code\" : 0\r\n}',0,NULL,'2021-07-03 08:40:11'),(200,'ä»£ç ç”Ÿæˆ',2,'com.ruoyi.generator.controller.GenController.editSave()','POST',1,'admin','ç ”å‘éƒ¨é—¨','/tool/gen/edit','127.0.0.1','å†…ç½‘IP','{\"tableId\":[\"6\"],\"tableName\":[\"accounts\"],\"tableComment\":[\"è´¦æˆ·è¡¨\"],\"className\":[\"Account\"],\"functionAuthor\":[\"ruoyi\"],\"remark\":[\"\"],\"columns[0].columnId\":[\"46\"],\"columns[0].sort\":[\"1\"],\"columns[0].columnComment\":[\"id\"],\"columns[0].javaType\":[\"Long\"],\"columns[0].javaField\":[\"id\"],\"columns[0].queryType\":[\"EQ\"],\"columns[0].htmlType\":[\"input\"],\"columns[0].dictType\":[\"\"],\"columns[2].columnId\":[\"48\"],\"columns[2].sort\":[\"3\"],\"columns[2].columnComment\":[\"ç«™ç‚¹\"],\"columns[2].javaType\":[\"Long\"],\"columns[2].javaField\":[\"stationId\"],\"columns[2].isInsert\":[\"1\"],\"columns[2].isEdit\":[\"1\"],\"columns[2].isList\":[\"1\"],\"columns[2].isQuery\":[\"1\"],\"columns[2].queryType\":[\"LIKE\"],\"columns[2].isRequired\":[\"1\"],\"columns[2].htmlType\":[\"select\"],\"columns[2].dictType\":[\"user_account_manage_station_name\"],\"columns[3].columnId\":[\"49\"],\"columns[3].sort\":[\"4\"],\"columns[3].columnComment\":[\"è´¦æˆ·å\"],\"columns[3].javaType\":[\"String\"],\"columns[3].javaField\":[\"accountId\"],\"columns[3].isInsert\":[\"1\"],\"columns[3].isEdit\":[\"1\"],\"columns[3].isList\":[\"1\"],\"columns[3].isQuery\":[\"1\"],\"columns[3].queryType\":[\"LIKE\"],\"columns[3].isRequired\":[\"1\"],\"columns[3].htmlType\":[\"input\"],\"columns[3].dictType\":[\"\"],\"columns[4].columnId\":[\"50\"],\"columns[4].sort\":[\"5\"],\"columns[4].columnComment\":[\"è´¦æˆ·æ˜µç§°\"],\"columns[4].javaType\":[\"String\"],\"columns[4].javaField\":[\"nickName\"],\"columns[4].isInsert\":[\"1\"],\"columns[4].isEdit\":[\"1\"],\"columns[4].isList\":[\"1\"],\"columns[4].isQuery\":[\"1\"],\"columns[4].queryType\":[\"LIKE\"],\"columns[4].htmlType\":[\"input\"],\"columns[4].dictType\":[\"\"],\"columns[5].columnId\":[\"51\"],\"columns[5].sort\":[\"6\"],\"columns[5].columnComment\":[\"å¤‡æ³¨\"],\"columns[5].javaType\":[\"String\"],\"columns[5].javaField\":[\"description\"],\"columns[5].isInsert\":[\"1\"],\"columns[5].isEdit\":[\"1\"],\"columns[5].isList\":[\"1\"],\"columns[5].isQuery\":[\"1\"],\"columns[5].queryType\":[\"EQ\"],\"columns[5].htmlType\":[\"textarea\"],\"columns[5].dictType\":[\"\"],\"columns[1].columnId\":[\"47\"],\"columns[1].sort\":[\"2\"],\"columns[1].columnComment\":[\"å½’å±\"],\"columns[1].javaType\":[\"Long\"]','{\r\n  \"msg\" : \"æ“ä½œæˆåŠŸ\",\r\n  \"code\" : 0\r\n}',0,NULL,'2021-07-03 08:43:33'),(201,'ä»£ç ç”Ÿæˆ',2,'com.ruoyi.generator.controller.GenController.editSave()','POST',1,'admin','ç ”å‘éƒ¨é—¨','/tool/gen/edit','127.0.0.1','å†…ç½‘IP','{\"tableId\":[\"6\"],\"tableName\":[\"accounts\"],\"tableComment\":[\"è´¦æˆ·è¡¨\"],\"className\":[\"Account\"],\"functionAuthor\":[\"ruoyi\"],\"remark\":[\"\"],\"columns[0].columnId\":[\"46\"],\"columns[0].sort\":[\"1\"],\"columns[0].columnComment\":[\"id\"],\"columns[0].javaType\":[\"Long\"],\"columns[0].javaField\":[\"id\"],\"columns[0].queryType\":[\"EQ\"],\"columns[0].htmlType\":[\"input\"],\"columns[0].dictType\":[\"\"],\"columns[1].columnId\":[\"47\"],\"columns[1].sort\":[\"2\"],\"columns[1].columnComment\":[\"å½’å±\"],\"columns[1].javaType\":[\"Long\"],\"columns[1].javaField\":[\"userId\"],\"columns[1].isInsert\":[\"1\"],\"columns[1].isEdit\":[\"1\"],\"columns[1].isList\":[\"1\"],\"columns[1].isQuery\":[\"1\"],\"columns[1].queryType\":[\"EQ\"],\"columns[1].isRequired\":[\"1\"],\"columns[1].htmlType\":[\"select\"],\"columns[1].dictType\":[\"sys_user_name\"],\"columns[2].columnId\":[\"48\"],\"columns[2].sort\":[\"3\"],\"columns[2].columnComment\":[\"ç«™ç‚¹\"],\"columns[2].javaType\":[\"Long\"],\"columns[2].javaField\":[\"stationId\"],\"columns[2].isInsert\":[\"1\"],\"columns[2].isEdit\":[\"1\"],\"columns[2].isList\":[\"1\"],\"columns[2].isQuery\":[\"1\"],\"columns[2].queryType\":[\"LIKE\"],\"columns[2].isRequired\":[\"1\"],\"columns[2].htmlType\":[\"select\"],\"columns[2].dictType\":[\"user_account_manage_station_name\"],\"columns[3].columnId\":[\"49\"],\"columns[3].sort\":[\"4\"],\"columns[3].columnComment\":[\"è´¦æˆ·å\"],\"columns[3].javaType\":[\"String\"],\"columns[3].javaField\":[\"accountId\"],\"columns[3].isInsert\":[\"1\"],\"columns[3].isEdit\":[\"1\"],\"columns[3].isList\":[\"1\"],\"columns[3].isQuery\":[\"1\"],\"columns[3].queryType\":[\"LIKE\"],\"columns[3].isRequired\":[\"1\"],\"columns[3].htmlType\":[\"input\"],\"columns[3].dictType\":[\"\"],\"columns[4].columnId\":[\"50\"],\"columns[4].sort\":[\"5\"],\"columns[4].columnComment\":[\"è´¦æˆ·æ˜µç§°\"],\"columns[4].javaType\":[\"String\"],\"columns[4].javaField\":[\"nickName\"],\"columns[4].isInsert\":[\"1\"],\"columns[4].isEdit\":[\"1\"],\"columns[4].isList\":[\"1\"],\"columns[4].isQuery\":[\"1\"],\"columns[4].queryType\":[\"LIKE\"],\"columns[4].htmlType\":[\"input\"],\"columns[4].dictType\":[\"\"],\"columns[5].columnId\":[\"51\"],\"columns[5].sort\":[\"6\"],\"columns[5].columnComment\":[\"å¤‡','{\r\n  \"msg\" : \"æ“ä½œæˆåŠŸ\",\r\n  \"code\" : 0\r\n}',0,NULL,'2021-07-03 09:07:05'),(202,'ä»£ç ç”Ÿæˆ',8,'com.ruoyi.generator.controller.GenController.download()','GET',1,'admin','ç ”å‘éƒ¨é—¨','/tool/gen/download/accounts','127.0.0.1','å†…ç½‘IP','\"accounts\"',NULL,0,NULL,'2021-07-03 09:07:13'),(203,'èœå•ç®¡ç†',3,'com.ruoyi.web.controller.system.SysMenuController.remove()','GET',1,'admin','ç ”å‘éƒ¨é—¨','/system/menu/remove/2001','127.0.0.1','å†…ç½‘IP','2001','{\r\n  \"msg\" : \"æ“ä½œæˆåŠŸ\",\r\n  \"code\" : 0\r\n}',0,NULL,'2021-07-03 09:08:16'),(204,'å­—å…¸æ•°æ®',2,'com.ruoyi.web.controller.system.SysDictDataController.editSave()','POST',1,'admin','ç ”å‘éƒ¨é—¨','/system/dict/data/edit','127.0.0.1','å†…ç½‘IP','{\"dictCode\":[\"101\"],\"dictLabel\":[\"ä¸‹çº¿\"],\"dictValue\":[\"1\"],\"dictType\":[\"user_account_manage_station_status\"],\"cssClass\":[\"\"],\"dictSort\":[\"1\"],\"listClass\":[\"danger\"],\"isDefault\":[\"N\"],\"status\":[\"0\"],\"remark\":[\"ä¸‹çº¿çŠ¶æ€\"]}','{\r\n  \"msg\" : \"æ“ä½œæˆåŠŸ\",\r\n  \"code\" : 0\r\n}',0,NULL,'2021-07-03 10:29:27'),(205,'ç«™ç‚¹',1,'com.ruoyi.usertool.controller.StationController.addSave()','POST',1,'admin','ç ”å‘éƒ¨é—¨','/usertool/station/add','127.0.0.1','å†…ç½‘IP','{\"stationName\":[\"æ‰‹æœº\"],\"websiteUrl\":[\"\"],\"downloadUrl\":[\"\"],\"appName\":[\"\"],\"description\":[\"18258439675\"],\"status\":[\"0\"]}',NULL,1,'\r\n### Error updating database.  Cause: java.sql.SQLIntegrityConstraintViolationException: Duplicate entry \'23-æ‰‹æœº\' for key \'stations.PRIMARY\'\r\n### The error may exist in com/ruoyi/usertool/mapper/StationMapper.java (best guess)\r\n### The error may involve com.ruoyi.usertool.mapper.StationMapper.insert-Inline\r\n### The error occurred while setting parameters\r\n### SQL: INSERT INTO stations  ( station_id, station_name, website_url, download_url, app_name, description, status )  VALUES  ( ?, ?, ?, ?, ?, ?, ? )\r\n### Cause: java.sql.SQLIntegrityConstraintViolationException: Duplicate entry \'23-æ‰‹æœº\' for key \'stations.PRIMARY\'\n; Duplicate entry \'23-æ‰‹æœº\' for key \'stations.PRIMARY\'; nested exception is java.sql.SQLIntegrityConstraintViolationException: Duplicate entry \'23-æ‰‹æœº\' for key \'stations.PRIMARY\'','2021-07-03 10:46:58'),(206,'ç«™ç‚¹',1,'com.ruoyi.usertool.controller.StationController.addSave()','POST',1,'admin','ç ”å‘éƒ¨é—¨','/usertool/station/add','127.0.0.1','å†…ç½‘IP','{\"stationName\":[\"æ‰‹æœº130\"],\"websiteUrl\":[\"\"],\"downloadUrl\":[\"\"],\"appName\":[\"\"],\"description\":[\"13095865737\"],\"status\":[\"0\"]}','{\r\n  \"msg\" : \"æ“ä½œæˆåŠŸ\",\r\n  \"code\" : 0\r\n}',0,NULL,'2021-07-03 10:55:30'),(207,'ç«™ç‚¹',2,'com.ruoyi.usertool.controller.StationController.editSave()','POST',1,'admin','ç ”å‘éƒ¨é—¨','/usertool/station/edit','127.0.0.1','å†…ç½‘IP','{\"stationId\":[\"23\"],\"stationName\":[\"æ‰‹æœº182\"],\"websiteUrl\":[\"\"],\"downloadUrl\":[\"\"],\"appName\":[\"\"],\"description\":[\"18258439675\"],\"status\":[\"0\"]}','{\r\n  \"msg\" : \"æ“ä½œæˆåŠŸ\",\r\n  \"code\" : 0\r\n}',0,NULL,'2021-07-03 10:55:39'),(208,'ç«™ç‚¹',1,'com.ruoyi.usertool.controller.StationController.addSave()','POST',1,'admin','ç ”å‘éƒ¨é—¨','/usertool/station/add','127.0.0.1','å†…ç½‘IP','{\"stationName\":[\"outlooké‚®ç®±\"],\"websiteUrl\":[\"https://outlook.live.com/owa/\"],\"downloadUrl\":[\"\"],\"appName\":[\"outlook\"],\"description\":[\"\"],\"status\":[\"0\"]}','{\r\n  \"msg\" : \"æ“ä½œæˆåŠŸ\",\r\n  \"code\" : 0\r\n}',0,NULL,'2021-07-03 10:58:28'),(209,'ç«™ç‚¹',2,'com.ruoyi.usertool.controller.StationController.editSave()','POST',1,'admin','ç ”å‘éƒ¨é—¨','/usertool/station/edit','127.0.0.1','å†…ç½‘IP','{\"stationId\":[\"25\"],\"stationName\":[\"outlooké‚®ç®±\"],\"websiteUrl\":[\"https://outlook.live.com/owa/\"],\"downloadUrl\":[\"\"],\"appName\":[\"outlookk\"],\"description\":[\"\"],\"status\":[\"0\"]}','{\r\n  \"msg\" : \"æ“ä½œæˆåŠŸ\",\r\n  \"code\" : 0\r\n}',0,NULL,'2021-07-03 11:06:55'),(210,'ç«™ç‚¹',2,'com.ruoyi.usertool.controller.StationController.editSave()','POST',1,'admin','ç ”å‘éƒ¨é—¨','/usertool/station/edit','127.0.0.1','å†…ç½‘IP','{\"stationId\":[\"25\"],\"stationName\":[\"outlooké‚®ç®±1\"],\"websiteUrl\":[\"https://outlook.live.com/owa/\"],\"downloadUrl\":[\"\"],\"appName\":[\"outlook\"],\"description\":[\"\"],\"status\":[\"0\"]}','{\r\n  \"msg\" : \"æ“ä½œæˆåŠŸ\",\r\n  \"code\" : 0\r\n}',0,NULL,'2021-07-03 11:07:25'),(211,'å­—å…¸æ•°æ®',2,'com.ruoyi.web.controller.system.SysDictDataController.editSave()','POST',1,'admin','ç ”å‘éƒ¨é—¨','/system/dict/data/edit','127.0.0.1','å†…ç½‘IP','{\"dictCode\":[\"105\"],\"dictLabel\":[\"outlooké‚®ç®±1\"],\"dictValue\":[\"25\"],\"dictType\":[\"user_account_manage_station_name\"],\"cssClass\":[\"\"],\"dictSort\":[\"0\"],\"listClass\":[\"\"],\"isDefault\":[\"N\"],\"status\":[\"0\"],\"remark\":[\"\"]}','{\r\n  \"msg\" : \"æ“ä½œæˆåŠŸ\",\r\n  \"code\" : 0\r\n}',0,NULL,'2021-07-03 11:09:10'),(212,'è´¦å¯†ç°¿',1,'com.ruoyi.usertool.controller.AccountController.addSave()','POST',1,'admin','ç ”å‘éƒ¨é—¨','/usertool/account/add','127.0.0.1','å†…ç½‘IP','{\"userId\":[\"1\"],\"stationId\":[\"1\"],\"accountId\":[\"wcq\"],\"nickName\":[\"wcq\"],\"description\":[\"xx\"],\"status\":[\"0\"],\"btSelectAll\":[\"\"]}','{\r\n  \"msg\" : \"æ“ä½œæˆåŠŸ\",\r\n  \"code\" : 0\r\n}',0,NULL,'2021-07-03 11:51:10'),(213,'è´¦å¯†ç°¿',1,'com.ruoyi.usertool.controller.AccountController.addSave()','POST',1,'admin','ç ”å‘éƒ¨é—¨','/usertool/account/add','127.0.0.1','å†…ç½‘IP','{\"userId\":[\"1\"],\"stationId\":[\"1\"],\"accountId\":[\"xixi\"],\"nickName\":[\"aslkdf\"],\"description\":[\"\"],\"status\":[\"1\"],\"btSelectAll\":[\"\"]}','{\r\n  \"msg\" : \"æ“ä½œæˆåŠŸ\",\r\n  \"code\" : 0\r\n}',0,NULL,'2021-07-03 11:58:49'),(214,'è´¦å¯†ç°¿',1,'com.ruoyi.usertool.controller.AccountController.addSave()','POST',1,'admin','ç ”å‘éƒ¨é—¨','/usertool/account/add','127.0.0.1','å†…ç½‘IP','{\"userId\":[\"2\"],\"stationId\":[\"24\"],\"accountId\":[\"zXC\"],\"nickName\":[\"\"],\"description\":[\"\"],\"status\":[\"0\"],\"btSelectAll\":[\"\"]}','{\r\n  \"msg\" : \"æ“ä½œæˆåŠŸ\",\r\n  \"code\" : 0\r\n}',0,NULL,'2021-07-03 11:59:22'),(215,'è´¦å¯†ç°¿',2,'com.ruoyi.usertool.controller.AccountController.editSave()','POST',1,'admin','ç ”å‘éƒ¨é—¨','/usertool/account/edit','127.0.0.1','å†…ç½‘IP','{\"id\":[\"1\"],\"userId\":[\"2\"],\"stationId\":[\"25\"],\"accountId\":[\"wcq\"],\"nickName\":[\"wcq\"],\"description\":[\"xx\"],\"status\":[\"0\"]}','{\r\n  \"msg\" : \"æ“ä½œæˆåŠŸ\",\r\n  \"code\" : 0\r\n}',0,NULL,'2021-07-04 00:41:57'),(216,'è´¦å¯†ç°¿',2,'com.ruoyi.usertool.controller.AccountController.editSave()','POST',1,'admin','ç ”å‘éƒ¨é—¨','/usertool/account/edit','127.0.0.1','å†…ç½‘IP','{\"id\":[\"1\"],\"userId\":[\"2\"],\"stationId\":[\"1\"],\"accountId\":[\"wcq\"],\"nickName\":[\"wcq\"],\"description\":[\"xx\"],\"status\":[\"0\"]}','{\r\n  \"msg\" : \"æ“ä½œæˆåŠŸ\",\r\n  \"code\" : 0\r\n}',0,NULL,'2021-07-04 00:51:17'),(217,'ç«™ç‚¹',2,'com.ruoyi.usertool.controller.StationController.editSave()','POST',1,'admin','ç ”å‘éƒ¨é—¨','/usertool/station/edit','127.0.0.1','å†…ç½‘IP','{\"stationId\":[\"25\"],\"stationName\":[\"outlooké‚®ç®±\"],\"websiteUrl\":[\"https://outlook.live.com/owa/\"],\"downloadUrl\":[\"\"],\"appName\":[\"outlook\"],\"description\":[\"\"],\"status\":[\"0\"]}','{\r\n  \"msg\" : \"æ“ä½œæˆåŠŸ\",\r\n  \"code\" : 0\r\n}',0,NULL,'2021-07-04 00:51:37'),(218,'è´¦å¯†ç°¿',2,'com.ruoyi.usertool.controller.AccountController.editSave()','POST',1,'admin','ç ”å‘éƒ¨é—¨','/usertool/account/edit','127.0.0.1','å†…ç½‘IP','{\"id\":[\"2\"],\"userId\":[\"1\"],\"stationId\":[\"25\"],\"accountId\":[\"xixi\"],\"nickName\":[\"aslkdf\"],\"description\":[\"\"],\"status\":[\"1\"]}','{\r\n  \"msg\" : \"æ“ä½œæˆåŠŸ\",\r\n  \"code\" : 0\r\n}',0,NULL,'2021-07-04 00:51:48'),(219,'ç«™ç‚¹',2,'com.ruoyi.usertool.controller.StationController.editSave()','POST',1,'admin','ç ”å‘éƒ¨é—¨','/usertool/station/edit','127.0.0.1','å†…ç½‘IP','{\"stationId\":[\"25\"],\"stationName\":[\"outlooké‚®ç®±2\"],\"websiteUrl\":[\"https://outlook.live.com/owa/\"],\"downloadUrl\":[\"\"],\"appName\":[\"outlook\"],\"description\":[\"\"],\"status\":[\"0\"]}','{\r\n  \"msg\" : \"æ“ä½œæˆåŠŸ\",\r\n  \"code\" : 0\r\n}',0,NULL,'2021-07-04 00:51:54'),(220,'è´¦å¯†ç°¿',2,'com.ruoyi.usertool.controller.AccountController.editSave()','POST',1,'admin','ç ”å‘éƒ¨é—¨','/usertool/account/edit','127.0.0.1','å†…ç½‘IP','{\"id\":[\"1\"],\"userId\":[\"1\"],\"stationId\":[\"1\"],\"accountId\":[\"wcq\"],\"nickName\":[\"wcq\"],\"description\":[\"xx\"],\"status\":[\"0\"]}','{\r\n  \"msg\" : \"æ“ä½œæˆåŠŸ\",\r\n  \"code\" : 0\r\n}',0,NULL,'2021-07-04 02:26:30'),(221,'è´¦å¯†ç°¿',1,'com.ruoyi.usertool.controller.AccountController.addSave()','POST',1,'admin','ç ”å‘éƒ¨é—¨','/usertool/account/add','127.0.0.1','å†…ç½‘IP','{\"userId\":[\"1\"],\"stationId\":[\"22\"],\"accountId\":[\"924673816\"],\"nickName\":[\"staps\"],\"description\":[\"\"],\"status\":[\"0\"],\"btSelectAll\":[\"\"]}','{\r\n  \"msg\" : \"æ“ä½œæˆåŠŸ\",\r\n  \"code\" : 0\r\n}',0,NULL,'2021-07-04 02:35:21'),(222,'è´¦å¯†ç°¿',2,'com.ruoyi.usertool.controller.AccountController.editSave()','POST',1,'admin','ç ”å‘éƒ¨é—¨','/usertool/account/edit','127.0.0.1','å†…ç½‘IP','{\"id\":[\"2\"],\"userId\":[\"1\"],\"stationId\":[\"25\"],\"accountId\":[\"a924673816@outlook.com\"],\"nickName\":[\"\"],\"description\":[\"\"],\"status\":[\"0\"]}','{\r\n  \"msg\" : \"æ“ä½œæˆåŠŸ\",\r\n  \"code\" : 0\r\n}',0,NULL,'2021-07-04 02:36:16'),(223,'ç«™ç‚¹',2,'com.ruoyi.usertool.controller.StationController.editSave()','POST',1,'admin','ç ”å‘éƒ¨é—¨','/usertool/station/edit','127.0.0.1','å†…ç½‘IP','{\"stationId\":[\"25\"],\"stationName\":[\"outlooké‚®ç®±\"],\"websiteUrl\":[\"https://outlook.live.com/owa/\"],\"downloadUrl\":[\"\"],\"appName\":[\"outlook\"],\"description\":[\"\"],\"status\":[\"0\"]}','{\r\n  \"msg\" : \"æ“ä½œæˆåŠŸ\",\r\n  \"code\" : 0\r\n}',0,NULL,'2021-07-04 02:36:23'),(224,'è´¦å¯†ç°¿',1,'com.ruoyi.usertool.controller.AccountController.addSave()','POST',1,'admin','ç ”å‘éƒ¨é—¨','/usertool/account/add','127.0.0.1','å†…ç½‘IP','{\"userId\":[\"1\"],\"stationId\":[\"23\"],\"accountId\":[\"18258439675\"],\"nickName\":[\"\"],\"description\":[\"\"],\"status\":[\"0\"],\"btSelectAll\":[\"on\"],\"btSelectItem\":[\"on\"],\"index\":[\"1\"],\"passwordsList[0].password\":[\"\"],\"passwordsList[0].valid\":[\"\"],\"passwordsList[0].deleted\":[\"\"],\"passwordsList[0].gmtCreate\":[\"\"],\"passwordsList[0].gmtModified\":[\"\"]}','{\r\n  \"msg\" : \"æ“ä½œæˆåŠŸ\",\r\n  \"code\" : 0\r\n}',0,NULL,'2021-07-04 02:54:15'),(225,'è´¦å¯†ç°¿',1,'com.ruoyi.usertool.controller.AccountController.addSave()','POST',1,'admin','ç ”å‘éƒ¨é—¨','/usertool/account/add','127.0.0.1','å†…ç½‘IP','{\"userId\":[\"1\"],\"stationId\":[\"1\"],\"accountId\":[\"test\"],\"nickName\":[\"\"],\"description\":[\"\"],\"status\":[\"0\"],\"index\":[\"1\"],\"passwordList[0].password\":[\"123\"],\"passwordList[0].valid\":[\"sdaf\"],\"btSelectAll\":[\"\"],\"btSelectItem\":[\"\"]}',NULL,1,'nested exception is org.apache.ibatis.exceptions.PersistenceException: \r\n### Error updating database.  Cause: java.lang.IllegalStateException: Type handler was null on parameter mapping for property \'params\'. It was either not specified and/or could not be found for the javaType (java.util.Map) : jdbcType (null) combination.\r\n### The error may exist in com/ruoyi/usertool/mapper/PasswordMapper.java (best guess)\r\n### The error may involve com.ruoyi.usertool.mapper.PasswordMapper.insert\r\n### The error occurred while executing an update\r\n### Cause: java.lang.IllegalStateException: Type handler was null on parameter mapping for property \'params\'. It was either not specified and/or could not be found for the javaType (java.util.Map) : jdbcType (null) combination.','2021-07-04 06:38:44'),(226,'è´¦å¯†ç°¿',1,'com.ruoyi.usertool.controller.AccountController.addSave()','POST',1,'admin','ç ”å‘éƒ¨é—¨','/usertool/account/add','127.0.0.1','å†…ç½‘IP','{\"userId\":[\"2\"],\"stationId\":[\"25\"],\"accountId\":[\"test\"],\"nickName\":[\"\"],\"description\":[\"\"],\"status\":[\"0\"],\"index\":[\"1\"],\"passwordList[0].password\":[\"123\"],\"passwordList[0].valid\":[\"123\"],\"btSelectAll\":[\"\"],\"btSelectItem\":[\"\"]}',NULL,1,'nested exception is org.apache.ibatis.exceptions.PersistenceException: \r\n### Error updating database.  Cause: java.lang.IllegalStateException: Type handler was null on parameter mapping for property \'params\'. It was either not specified and/or could not be found for the javaType (java.util.Map) : jdbcType (null) combination.\r\n### The error may exist in com/ruoyi/usertool/mapper/PasswordMapper.java (best guess)\r\n### The error may involve com.ruoyi.usertool.mapper.PasswordMapper.insert\r\n### The error occurred while executing an update\r\n### Cause: java.lang.IllegalStateException: Type handler was null on parameter mapping for property \'params\'. It was either not specified and/or could not be found for the javaType (java.util.Map) : jdbcType (null) combination.','2021-07-04 06:41:48'),(227,'è´¦å¯†ç°¿',1,'com.ruoyi.usertool.controller.AccountController.addSave()','POST',1,'admin','ç ”å‘éƒ¨é—¨','/usertool/account/add','127.0.0.1','å†…ç½‘IP','{\"userId\":[\"2\"],\"stationId\":[\"25\"],\"accountId\":[\"test\"],\"nickName\":[\"\"],\"description\":[\"\"],\"status\":[\"0\"],\"index\":[\"1\"],\"passwordList[0].password\":[\"123\"],\"passwordList[0].valid\":[\"123\"],\"btSelectAll\":[\"\"],\"btSelectItem\":[\"\"]}',NULL,1,'nested exception is org.apache.ibatis.exceptions.PersistenceException: \r\n### Error updating database.  Cause: java.lang.IllegalStateException: Type handler was null on parameter mapping for property \'params\'. It was either not specified and/or could not be found for the javaType (java.util.Map) : jdbcType (null) combination.\r\n### The error may exist in com/ruoyi/usertool/mapper/PasswordMapper.java (best guess)\r\n### The error may involve com.ruoyi.usertool.mapper.PasswordMapper.insert\r\n### The error occurred while executing an update\r\n### Cause: java.lang.IllegalStateException: Type handler was null on parameter mapping for property \'params\'. It was either not specified and/or could not be found for the javaType (java.util.Map) : jdbcType (null) combination.','2021-07-04 06:46:57'),(228,'è´¦å¯†ç°¿',1,'com.ruoyi.usertool.controller.AccountController.addSave()','POST',1,'admin','ç ”å‘éƒ¨é—¨','/usertool/account/add','127.0.0.1','å†…ç½‘IP','{\"userId\":[\"1\"],\"stationId\":[\"1\"],\"accountId\":[\"saedfrr\"],\"nickName\":[\"\"],\"description\":[\"\"],\"status\":[\"0\"],\"index\":[\"1\",\"2\"],\"passwordList[0].password\":[\"werasd\"],\"passwordList[0].valid\":[\"\"],\"passwordList[1].password\":[\"rqwerw\"],\"passwordList[1].valid\":[\"\"],\"btSelectAll\":[\"\"],\"btSelectItem\":[\"\"]}',NULL,1,'nested exception is org.apache.ibatis.exceptions.PersistenceException: \r\n### Error updating database.  Cause: java.lang.IllegalStateException: Type handler was null on parameter mapping for property \'params\'. It was either not specified and/or could not be found for the javaType (java.util.Map) : jdbcType (null) combination.\r\n### The error may exist in com/ruoyi/usertool/mapper/PasswordMapper.java (best guess)\r\n### The error may involve com.ruoyi.usertool.mapper.PasswordMapper.insert\r\n### The error occurred while executing an update\r\n### Cause: java.lang.IllegalStateException: Type handler was null on parameter mapping for property \'params\'. It was either not specified and/or could not be found for the javaType (java.util.Map) : jdbcType (null) combination.','2021-07-04 06:47:36'),(229,'è´¦å¯†ç°¿',1,'com.ruoyi.usertool.controller.AccountController.addSave()','POST',1,'admin','ç ”å‘éƒ¨é—¨','/usertool/account/add','127.0.0.1','å†…ç½‘IP','{\"userId\":[\"1\"],\"stationId\":[\"1\"],\"accountId\":[\"asdew\"],\"nickName\":[\"\"],\"description\":[\"\"],\"status\":[\"0\"],\"index\":[\"1\"],\"passwordList[0].password\":[\"asedr\"],\"passwordList[0].valid\":[\"awer\"],\"btSelectAll\":[\"\"],\"btSelectItem\":[\"\"]}',NULL,1,'nested exception is org.apache.ibatis.exceptions.PersistenceException: \r\n### Error updating database.  Cause: java.lang.IllegalStateException: Type handler was null on parameter mapping for property \'params\'. It was either not specified and/or could not be found for the javaType (java.util.Map) : jdbcType (null) combination.\r\n### The error may exist in com/ruoyi/usertool/mapper/PasswordMapper.java (best guess)\r\n### The error may involve com.ruoyi.usertool.mapper.PasswordMapper.insert\r\n### The error occurred while executing an update\r\n### Cause: java.lang.IllegalStateException: Type handler was null on parameter mapping for property \'params\'. It was either not specified and/or could not be found for the javaType (java.util.Map) : jdbcType (null) combination.','2021-07-04 06:48:29'),(230,'è´¦å¯†ç°¿',1,'com.ruoyi.usertool.controller.AccountController.addSave()','POST',1,'admin','ç ”å‘éƒ¨é—¨','/usertool/account/add','127.0.0.1','å†…ç½‘IP','{\"userId\":[\"1\"],\"stationId\":[\"1\"],\"accountId\":[\"ç“¦å°”\"],\"nickName\":[\"\"],\"description\":[\"\"],\"status\":[\"0\"],\"index\":[\"1\"],\"passwordList[0].password\":[\"awser\"],\"passwordList[0].valid\":[\"awer\"],\"btSelectAll\":[\"\"],\"btSelectItem\":[\"\"]}','{\r\n  \"msg\" : \"æ“ä½œæˆåŠŸ\",\r\n  \"code\" : 0\r\n}',0,NULL,'2021-07-04 06:55:19'),(231,'è´¦å¯†ç°¿',1,'com.ruoyi.usertool.controller.AccountController.addSave()','POST',1,'admin','ç ”å‘éƒ¨é—¨','/usertool/account/add','127.0.0.1','å†…ç½‘IP','{\"userId\":[\"1\"],\"stationId\":[\"1\"],\"accountId\":[\"å•Šå•Šå•Šå•Šå•Šå•Š\"],\"nickName\":[\"\"],\"description\":[\"\"],\"status\":[\"0\"],\"index\":[\"1\",\"2\"],\"passwordList[0].password\":[\"adsfa\"],\"passwordList[0].valid\":[\"\"],\"passwordList[1].password\":[\"äº”äºŒa\"],\"passwordList[1].valid\":[\"\"],\"btSelectAll\":[\"\"],\"btSelectItem\":[\"\"]}','{\r\n  \"msg\" : \"æ“ä½œæˆåŠŸ\",\r\n  \"code\" : 0\r\n}',0,NULL,'2021-07-04 06:57:29'),(232,'å­—å…¸ç±»å‹',1,'com.ruoyi.web.controller.system.SysDictTypeController.addSave()','POST',1,'admin','ç ”å‘éƒ¨é—¨','/system/dict/add','127.0.0.1','å†…ç½‘IP','{\"dictName\":[\"å¯†ç çŠ¶æ€\"],\"dictType\":[\"user_account_manage_password_status\"],\"status\":[\"0\"],\"remark\":[\"å¯†ç çŠ¶æ€è¡¨\"]}','{\r\n  \"msg\" : \"æ“ä½œæˆåŠŸ\",\r\n  \"code\" : 0\r\n}',0,NULL,'2021-07-04 07:05:22'),(233,'å­—å…¸ç±»å‹',2,'com.ruoyi.web.controller.system.SysDictTypeController.editSave()','POST',1,'admin','ç ”å‘éƒ¨é—¨','/system/dict/edit','127.0.0.1','å†…ç½‘IP','{\"dictId\":[\"104\"],\"dictName\":[\"å¯†ç çŠ¶æ€\"],\"dictType\":[\"user_account_manage_password_status\"],\"status\":[\"0\"],\"remark\":[\"å¯†ç çŠ¶æ€åˆ—è¡¨\"]}','{\r\n  \"msg\" : \"æ“ä½œæˆåŠŸ\",\r\n  \"code\" : 0\r\n}',0,NULL,'2021-07-04 07:05:29'),(234,'å­—å…¸ç±»å‹',2,'com.ruoyi.web.controller.system.SysDictTypeController.editSave()','POST',1,'admin','ç ”å‘éƒ¨é—¨','/system/dict/edit','127.0.0.1','å†…ç½‘IP','{\"dictId\":[\"103\"],\"dictName\":[\"ç«™ç‚¹çŠ¶æ€\"],\"dictType\":[\"user_account_manage_station_status\"],\"status\":[\"0\"],\"remark\":[\"ç«™ç‚¹çŠ¶æ€åˆ—è¡¨\"]}','{\r\n  \"msg\" : \"æ“ä½œæˆåŠŸ\",\r\n  \"code\" : 0\r\n}',0,NULL,'2021-07-04 07:05:35'),(235,'å­—å…¸æ•°æ®',1,'com.ruoyi.web.controller.system.SysDictDataController.addSave()','POST',1,'admin','ç ”å‘éƒ¨é—¨','/system/dict/data/add','127.0.0.1','å†…ç½‘IP','{\"dictLabel\":[\"æ­£å¸¸\"],\"dictValue\":[\"0\"],\"dictType\":[\"user_account_manage_password_status\"],\"cssClass\":[\"\"],\"dictSort\":[\"1\"],\"listClass\":[\"primary\"],\"isDefault\":[\"Y\"],\"status\":[\"0\"],\"remark\":[\"\"]}','{\r\n  \"msg\" : \"æ“ä½œæˆåŠŸ\",\r\n  \"code\" : 0\r\n}',0,NULL,'2021-07-04 07:06:13'),(236,'å­—å…¸æ•°æ®',1,'com.ruoyi.web.controller.system.SysDictDataController.addSave()','POST',1,'admin','ç ”å‘éƒ¨é—¨','/system/dict/data/add','127.0.0.1','å†…ç½‘IP','{\"dictLabel\":[\"è¿‡æœŸ\"],\"dictValue\":[\"1\"],\"dictType\":[\"user_account_manage_password_status\"],\"cssClass\":[\"\"],\"dictSort\":[\"2\"],\"listClass\":[\"danger\"],\"isDefault\":[\"Y\"],\"status\":[\"0\"],\"remark\":[\"\"]}','{\r\n  \"msg\" : \"æ“ä½œæˆåŠŸ\",\r\n  \"code\" : 0\r\n}',0,NULL,'2021-07-04 07:07:33'),(237,'å­—å…¸æ•°æ®',2,'com.ruoyi.web.controller.system.SysDictDataController.editSave()','POST',1,'admin','ç ”å‘éƒ¨é—¨','/system/dict/data/edit','127.0.0.1','å†…ç½‘IP','{\"dictCode\":[\"106\"],\"dictLabel\":[\"æ­£å¸¸\"],\"dictValue\":[\"0\"],\"dictType\":[\"user_account_manage_password_status\"],\"cssClass\":[\"\"],\"dictSort\":[\"1\"],\"listClass\":[\"primary\"],\"isDefault\":[\"Y\"],\"status\":[\"0\"],\"remark\":[\"æ­£å¸¸\"]}','{\r\n  \"msg\" : \"æ“ä½œæˆåŠŸ\",\r\n  \"code\" : 0\r\n}',0,NULL,'2021-07-04 07:07:41'),(238,'å­—å…¸æ•°æ®',2,'com.ruoyi.web.controller.system.SysDictDataController.editSave()','POST',1,'admin','ç ”å‘éƒ¨é—¨','/system/dict/data/edit','127.0.0.1','å†…ç½‘IP','{\"dictCode\":[\"107\"],\"dictLabel\":[\"è¿‡æœŸ\"],\"dictValue\":[\"1\"],\"dictType\":[\"user_account_manage_password_status\"],\"cssClass\":[\"\"],\"dictSort\":[\"2\"],\"listClass\":[\"danger\"],\"isDefault\":[\"Y\"],\"status\":[\"0\"],\"remark\":[\"å·²è¿‡æœŸ\"]}','{\r\n  \"msg\" : \"æ“ä½œæˆåŠŸ\",\r\n  \"code\" : 0\r\n}',0,NULL,'2021-07-04 07:07:48'),(239,'è´¦å¯†ç°¿',1,'com.ruoyi.usertool.controller.AccountController.addSave()','POST',1,'admin','ç ”å‘éƒ¨é—¨','/usertool/account/add','127.0.0.1','å†…ç½‘IP','{\"userId\":[\"1\"],\"stationId\":[\"1\"],\"accountId\":[\"123\"],\"nickName\":[\"\"],\"description\":[\"\"],\"status\":[\"0\",\"\"],\"passwordList[0].password\":[\"123\"],\"btSelectAll\":[\"\"],\"btSelectItem\":[\"\"]}','{\r\n  \"msg\" : \"æ“ä½œæˆåŠŸ\",\r\n  \"code\" : 0\r\n}',0,NULL,'2021-07-04 12:10:56'),(240,'è´¦å¯†ç°¿',2,'com.ruoyi.usertool.controller.AccountController.editSave()','POST',1,'admin','ç ”å‘éƒ¨é—¨','/usertool/account/edit','127.0.0.1','å†…ç½‘IP','{\"id\":[\"13\"],\"userId\":[\"1\"],\"stationId\":[\"1\"],\"accountId\":[\"sad\"],\"nickName\":[\"\"],\"description\":[\"\"],\"status\":[\"0\"]}','{\r\n  \"msg\" : \"æ“ä½œæˆåŠŸ\",\r\n  \"code\" : 0\r\n}',0,NULL,'2021-07-04 12:56:26'),(241,'è´¦å¯†ç°¿',2,'com.ruoyi.usertool.controller.AccountController.editSave()','POST',1,'admin','ç ”å‘éƒ¨é—¨','/usertool/account/edit','127.0.0.1','å†…ç½‘IP','{\"id\":[\"14\"],\"userId\":[\"1\"],\"stationId\":[\"1\"],\"accountId\":[\"123\"],\"nickName\":[\"\"],\"description\":[\"\"],\"status\":[\"1\"]}','{\r\n  \"msg\" : \"æ“ä½œæˆåŠŸ\",\r\n  \"code\" : 0\r\n}',0,NULL,'2021-07-04 12:56:42'),(242,'è´¦å¯†ç°¿',2,'com.ruoyi.usertool.controller.AccountController.editSave()','POST',1,'admin','ç ”å‘éƒ¨é—¨','/usertool/account/edit','127.0.0.1','å†…ç½‘IP','{\"id\":[\"14\"],\"userId\":[\"1\"],\"stationId\":[\"1\"],\"accountId\":[\"123\"],\"nickName\":[\"\"],\"description\":[\"\"],\"status\":[\"0\"]}','{\r\n  \"msg\" : \"æ“ä½œæˆåŠŸ\",\r\n  \"code\" : 0\r\n}',0,NULL,'2021-07-04 12:56:46'),(243,'è´¦å¯†ç°¿',1,'com.ruoyi.usertool.controller.AccountController.addSave()','POST',1,'admin','ç ”å‘éƒ¨é—¨','/usertool/account/add','127.0.0.1','å†…ç½‘IP','{\"userId\":[\"1\"],\"stationId\":[\"1\"],\"accountId\":[\"ghfrd\"],\"nickName\":[\"\"],\"description\":[\"\"],\"status\":[\"0\"],\"btSelectAll\":[\"\"]}','{\r\n  \"msg\" : \"æ“ä½œæˆåŠŸ\",\r\n  \"code\" : 0\r\n}',0,NULL,'2021-07-04 12:56:54'),(244,'è´¦å¯†ç°¿',3,'com.ruoyi.usertool.controller.AccountController.remove()','POST',1,'admin','ç ”å‘éƒ¨é—¨','/usertool/account/remove','127.0.0.1','å†…ç½‘IP','{\"ids\":[\"15\"]}','{\r\n  \"msg\" : \"æ“ä½œæˆåŠŸ\",\r\n  \"code\" : 0\r\n}',0,NULL,'2021-07-04 12:57:12'),(245,'è´¦å¯†ç°¿',3,'com.ruoyi.usertool.controller.AccountController.remove()','POST',1,'admin','ç ”å‘éƒ¨é—¨','/usertool/account/remove','127.0.0.1','å†…ç½‘IP','{\"ids\":[\"14\"]}','{\r\n  \"msg\" : \"æ“ä½œæˆåŠŸ\",\r\n  \"code\" : 0\r\n}',0,NULL,'2021-07-04 12:57:14'),(246,'è´¦å¯†ç°¿',3,'com.ruoyi.usertool.controller.AccountController.remove()','POST',1,'admin','ç ”å‘éƒ¨é—¨','/usertool/account/remove','127.0.0.1','å†…ç½‘IP','{\"ids\":[\"13\"]}','{\r\n  \"msg\" : \"æ“ä½œæˆåŠŸ\",\r\n  \"code\" : 0\r\n}',0,NULL,'2021-07-04 12:57:17'),(247,'è´¦å¯†ç°¿',3,'com.ruoyi.usertool.controller.AccountController.remove()','POST',1,'admin','ç ”å‘éƒ¨é—¨','/usertool/account/remove','127.0.0.1','å†…ç½‘IP','{\"ids\":[\"12\"]}','{\r\n  \"msg\" : \"æ“ä½œæˆåŠŸ\",\r\n  \"code\" : 0\r\n}',0,NULL,'2021-07-04 12:57:18'),(248,'è´¦å¯†ç°¿',3,'com.ruoyi.usertool.controller.AccountController.remove()','POST',1,'admin','ç ”å‘éƒ¨é—¨','/usertool/account/remove','127.0.0.1','å†…ç½‘IP','{\"ids\":[\"11\"]}','{\r\n  \"msg\" : \"æ“ä½œæˆåŠŸ\",\r\n  \"code\" : 0\r\n}',0,NULL,'2021-07-04 12:57:20'),(249,'è´¦å¯†ç°¿',1,'com.ruoyi.usertool.controller.AccountController.addSave()','POST',1,'admin','ç ”å‘éƒ¨é—¨','/usertool/account/add','127.0.0.1','å†…ç½‘IP','{\"userId\":[\"1\"],\"stationId\":[\"1\"],\"accountId\":[\"é¢†asduflkdsjah\"],\"nickName\":[\"\"],\"description\":[\"\"],\"status\":[\"0\"],\"passwordList[0].password\":[\"å¨å¨å¨å¨å¨å¨å¨å¨\"],\"passwordList[0].valid\":[\"å¨å¨å¨å¨å¨å¨å¨å¨\"],\"btSelectAll\":[\"\"],\"btSelectItem\":[\"\"]}','{\r\n  \"msg\" : \"æ“ä½œæˆåŠŸ\",\r\n  \"code\" : 0\r\n}',0,NULL,'2021-07-05 08:32:37'),(250,'è´¦å¯†ç°¿',1,'com.ruoyi.usertool.controller.AccountController.addSave()','POST',1,'admin','ç ”å‘éƒ¨é—¨','/usertool/account/add','127.0.0.1','å†…ç½‘IP','{\"userId\":[\"1\"],\"stationId\":[\"1\"],\"accountId\":[\"å¨å¨å¨å¨å¨å¨å¨å¨\"],\"nickName\":[\"\"],\"description\":[\"\"],\"status\":[\"0\"],\"passwordList[0].password\":[\"èµ°èµ°èµ°èµ°èµ°èµ°èµ°èµ°\"],\"passwordList[0].status\":[\"èµ°èµ°èµ°èµ°\"],\"btSelectAll\":[\"\"],\"btSelectItem\":[\"\"]}','{\r\n  \"msg\" : \"æ“ä½œæˆåŠŸ\",\r\n  \"code\" : 0\r\n}',0,NULL,'2021-07-05 08:34:02'),(251,'è´¦å¯†ç°¿',2,'com.ruoyi.usertool.controller.AccountController.editSave()','POST',1,'admin','ç ”å‘éƒ¨é—¨','/usertool/account/edit','127.0.0.1','å†…ç½‘IP','{\"id\":[\"17\"],\"userId\":[\"1\"],\"stationId\":[\"1\"],\"accountId\":[\"å¨å¨å¨å¨å¨å¨å¨å¨\"],\"nickName\":[\"\"],\"description\":[\"\"],\"status\":[\"0\"],\"passwordList[0].password\":[\"èµ°èµ°èµ°èµ°èµ°èµ°èµ°èµ°\"],\"passwordList[0].status\":[\"èµ°èµ°èµ°èµ°\"],\"passwordList[1].password\":[\"æ¶›æ¶›æ¶›æ¶›æ¶›æ¶›æ¶›æ¶›æ¶›æ¶›ä»–\"],\"passwordList[1].status\":[\"ç”œç³–\"],\"btSelectAll\":[\"\"],\"btSelectItem\":[\"\"]}','{\r\n  \"msg\" : \"æ“ä½œæˆåŠŸ\",\r\n  \"code\" : 0\r\n}',0,NULL,'2021-07-05 08:56:35'),(252,'è´¦å¯†ç°¿',2,'com.ruoyi.usertool.controller.AccountController.editSave()','POST',1,'admin','ç ”å‘éƒ¨é—¨','/usertool/account/edit','127.0.0.1','å†…ç½‘IP','{\"id\":[\"17\"],\"userId\":[\"1\"],\"stationId\":[\"1\"],\"accountId\":[\"å¨å¨å¨å¨å¨å¨å¨å¨\"],\"nickName\":[\"\"],\"description\":[\"\"],\"status\":[\"0\"],\"btSelectAll\":[\"on\"],\"btSelectItem\":[\"on\",\"on\"],\"passwordList[0].password\":[\"èµ°èµ°èµ°èµ°èµ°èµ°èµ°èµ°\"],\"passwordList[0].status\":[\"èµ°èµ°èµ°èµ°\"],\"passwordList[1].password\":[\"DFSGFDSHS \"],\"passwordList[1].status\":[\"SDFT \"]}','{\r\n  \"msg\" : \"æ“ä½œæˆåŠŸ\",\r\n  \"code\" : 0\r\n}',0,NULL,'2021-07-05 09:19:35'),(253,'è´¦å¯†ç°¿',2,'com.ruoyi.usertool.controller.AccountController.editSave()','POST',1,'admin','ç ”å‘éƒ¨é—¨','/usertool/account/edit','127.0.0.1','å†…ç½‘IP','{\"id\":[\"17\"],\"userId\":[\"1\"],\"stationId\":[\"1\"],\"accountId\":[\"å¨å¨å¨å¨å¨å¨å¨å¨\"],\"nickName\":[\"\"],\"description\":[\"\"],\"status\":[\"0\"],\"passwordList[0].password\":[\"èµ°èµ°èµ°èµ°èµ°èµ°èµ°èµ°\"],\"passwordList[0].status\":[\"èµ°èµ°èµ°èµ°\"],\"passwordList[1].password\":[\"WE RRT \"],\"passwordList[1].status\":[\"WRTWRET\"],\"btSelectAll\":[\"\"],\"btSelectItem\":[\"\"]}','{\r\n  \"msg\" : \"æ“ä½œæˆåŠŸ\",\r\n  \"code\" : 0\r\n}',0,NULL,'2021-07-05 09:22:14'),(254,'è´¦å¯†ç°¿',3,'com.ruoyi.usertool.controller.AccountController.remove()','POST',1,'admin','ç ”å‘éƒ¨é—¨','/usertool/account/remove','127.0.0.1','å†…ç½‘IP','{\"ids\":[\"16\"]}','{\r\n  \"msg\" : \"æ“ä½œæˆåŠŸ\",\r\n  \"code\" : 0\r\n}',0,NULL,'2021-07-05 09:40:33'),(255,'ä»£ç ç”Ÿæˆ',3,'com.ruoyi.generator.controller.GenController.remove()','POST',1,'admin','ç ”å‘éƒ¨é—¨','/tool/gen/remove','127.0.0.1','å†…ç½‘IP','{\"ids\":[\"3\"]}','{\r\n  \"msg\" : \"æ“ä½œæˆåŠŸ\",\r\n  \"code\" : 0\r\n}',0,NULL,'2021-07-05 09:59:43'),(256,'ä»£ç ç”Ÿæˆ',6,'com.ruoyi.generator.controller.GenController.importTableSave()','POST',1,'admin','ç ”å‘éƒ¨é—¨','/tool/gen/importTable','127.0.0.1','å†…ç½‘IP','{\"tables\":[\"passwords\"]}','{\r\n  \"msg\" : \"æ“ä½œæˆåŠŸ\",\r\n  \"code\" : 0\r\n}',0,NULL,'2021-07-05 09:59:48'),(257,'ä»£ç ç”Ÿæˆ',2,'com.ruoyi.generator.controller.GenController.editSave()','POST',1,'admin','ç ”å‘éƒ¨é—¨','/tool/gen/edit','127.0.0.1','å†…ç½‘IP','{\"tableId\":[\"7\"],\"tableName\":[\"passwords\"],\"tableComment\":[\"å¯†ç è¡¨\"],\"className\":[\"Password\"],\"functionAuthor\":[\"ruoyi\"],\"remark\":[\"\"],\"columns[0].columnId\":[\"58\"],\"columns[0].sort\":[\"1\"],\"columns[0].columnComment\":[\"id\"],\"columns[0].javaType\":[\"String\"],\"columns[0].javaField\":[\"passwordId\"],\"columns[0].queryType\":[\"EQ\"],\"columns[0].htmlType\":[\"input\"],\"columns[0].dictType\":[\"\"],\"columns[1].columnId\":[\"59\"],\"columns[1].sort\":[\"2\"],\"columns[1].columnComment\":[\"è´¦å·\"],\"columns[1].javaType\":[\"String\"],\"columns[1].javaField\":[\"accountId\"],\"columns[1].queryType\":[\"EQ\"],\"columns[1].htmlType\":[\"input\"],\"columns[1].dictType\":[\"\"],\"columns[2].columnId\":[\"60\"],\"columns[2].sort\":[\"3\"],\"columns[2].columnComment\":[\"å¯†ç \"],\"columns[2].javaType\":[\"String\"],\"columns[2].javaField\":[\"password\"],\"columns[2].isInsert\":[\"1\"],\"columns[2].isEdit\":[\"1\"],\"columns[2].isList\":[\"1\"],\"columns[2].isQuery\":[\"1\"],\"columns[2].queryType\":[\"EQ\"],\"columns[2].isRequired\":[\"1\"],\"columns[2].htmlType\":[\"input\"],\"columns[2].dictType\":[\"\"],\"columns[3].columnId\":[\"61\"],\"columns[3].sort\":[\"4\"],\"columns[3].columnComment\":[\"çŠ¶æ€\"],\"columns[3].javaType\":[\"String\"],\"columns[3].javaField\":[\"status\"],\"columns[3].isInsert\":[\"1\"],\"columns[3].isEdit\":[\"1\"],\"columns[3].isList\":[\"1\"],\"columns[3].isQuery\":[\"1\"],\"columns[3].queryType\":[\"EQ\"],\"columns[3].isRequired\":[\"1\"],\"columns[3].htmlType\":[\"select\"],\"columns[3].dictType\":[\"user_account_manage_password_status\"],\"columns[4].columnId\":[\"62\"],\"columns[4].sort\":[\"5\"],\"columns[4].columnComment\":[\"é€»è¾‘åˆ é™¤\"],\"columns[4].javaType\":[\"String\"],\"columns[4].javaField\":[\"deleted\"],\"columns[4].queryType\":[\"EQ\"],\"columns[4].htmlType\":[\"input\"],\"columns[4].dictType\":[\"\"],\"columns[5].columnId\":[\"63\"],\"columns[5].sort\":[\"6\"],\"columns[5].columnComment\":[\"åˆ›å»ºæ—¶é—´\"],\"columns[5].javaType\":[\"Date\"],\"columns[5].javaField\":[\"gmtCreate\"],\"columns[5].isList\":[\"1\"],\"columns[5].isQuery\":[\"1\"],\"columns[5].queryType\":[\"EQ\"],\"columns[5].htmlType\":[\"datetime\"],\"columns[5].dictType\":[\"\"],\"columns[6].columnId\":[\"64\"],','{\r\n  \"msg\" : \"æ“ä½œæˆåŠŸ\",\r\n  \"code\" : 0\r\n}',0,NULL,'2021-07-05 10:06:54'),(258,'ä»£ç ç”Ÿæˆ',2,'com.ruoyi.generator.controller.GenController.editSave()','POST',1,'admin','ç ”å‘éƒ¨é—¨','/tool/gen/edit','127.0.0.1','å†…ç½‘IP','{\"tableId\":[\"7\"],\"tableName\":[\"passwords\"],\"tableComment\":[\"å¯†ç è¡¨\"],\"className\":[\"Password\"],\"functionAuthor\":[\"ruoyi\"],\"remark\":[\"\"],\"columns[0].columnId\":[\"58\"],\"columns[0].sort\":[\"1\"],\"columns[0].columnComment\":[\"id\"],\"columns[0].javaType\":[\"String\"],\"columns[0].javaField\":[\"passwordId\"],\"columns[0].queryType\":[\"EQ\"],\"columns[0].htmlType\":[\"input\"],\"columns[0].dictType\":[\"\"],\"columns[1].columnId\":[\"59\"],\"columns[1].sort\":[\"2\"],\"columns[1].columnComment\":[\"è´¦å·\"],\"columns[1].javaType\":[\"String\"],\"columns[1].javaField\":[\"accountId\"],\"columns[1].queryType\":[\"EQ\"],\"columns[1].htmlType\":[\"input\"],\"columns[1].dictType\":[\"\"],\"columns[2].columnId\":[\"60\"],\"columns[2].sort\":[\"3\"],\"columns[2].columnComment\":[\"å¯†ç \"],\"columns[2].javaType\":[\"String\"],\"columns[2].javaField\":[\"password\"],\"columns[2].isInsert\":[\"1\"],\"columns[2].isEdit\":[\"1\"],\"columns[2].isList\":[\"1\"],\"columns[2].isQuery\":[\"1\"],\"columns[2].queryType\":[\"EQ\"],\"columns[2].isRequired\":[\"1\"],\"columns[2].htmlType\":[\"input\"],\"columns[2].dictType\":[\"\"],\"columns[3].columnId\":[\"61\"],\"columns[3].sort\":[\"4\"],\"columns[3].columnComment\":[\"çŠ¶æ€\"],\"columns[3].javaType\":[\"String\"],\"columns[3].javaField\":[\"status\"],\"columns[3].isInsert\":[\"1\"],\"columns[3].isEdit\":[\"1\"],\"columns[3].isList\":[\"1\"],\"columns[3].isQuery\":[\"1\"],\"columns[3].queryType\":[\"EQ\"],\"columns[3].isRequired\":[\"1\"],\"columns[3].htmlType\":[\"select\"],\"columns[3].dictType\":[\"user_account_manage_password_status\"],\"columns[4].columnId\":[\"62\"],\"columns[4].sort\":[\"5\"],\"columns[4].columnComment\":[\"é€»è¾‘åˆ é™¤\"],\"columns[4].javaType\":[\"String\"],\"columns[4].javaField\":[\"deleted\"],\"columns[4].queryType\":[\"EQ\"],\"columns[4].htmlType\":[\"input\"],\"columns[4].dictType\":[\"\"],\"columns[5].columnId\":[\"63\"],\"columns[5].sort\":[\"6\"],\"columns[5].columnComment\":[\"åˆ›å»ºæ—¶é—´\"],\"columns[5].javaType\":[\"Date\"],\"columns[5].javaField\":[\"gmtCreate\"],\"columns[5].isList\":[\"1\"],\"columns[5].isQuery\":[\"1\"],\"columns[5].queryType\":[\"EQ\"],\"columns[5].htmlType\":[\"datetime\"],\"columns[5].dictType\":[\"\"],\"columns[6].columnId\":[\"64\"],','{\r\n  \"msg\" : \"æ“ä½œæˆåŠŸ\",\r\n  \"code\" : 0\r\n}',0,NULL,'2021-07-05 10:07:17'),(259,'è´¦å¯†ç°¿',1,'com.ruoyi.usertool.controller.AccountController.addSave()','POST',1,'admin','ç ”å‘éƒ¨é—¨','/usertool/account/add','127.0.0.1','å†…ç½‘IP','{\"userId\":[\"1\"],\"stationId\":[\"1\"],\"accountId\":[\"keyi\"],\"nickName\":[\"\"],\"description\":[\"\"],\"status\":[\"0\",\"2\"],\"passwordList[0].password\":[\"123132131\"],\"btSelectAll\":[\"\"],\"btSelectItem\":[\"\"]}','{\r\n  \"msg\" : \"æ“ä½œæˆåŠŸ\",\r\n  \"code\" : 0\r\n}',0,NULL,'2021-07-05 11:17:10'),(260,'è´¦å¯†ç°¿',1,'com.ruoyi.usertool.controller.AccountController.addSave()','POST',1,'admin','ç ”å‘éƒ¨é—¨','/usertool/account/add','127.0.0.1','å†…ç½‘IP','{\"userId\":[\"1\"],\"stationId\":[\"1\"],\"accountId\":[\"sdfsadfasd\"],\"nickName\":[\"\"],\"description\":[\"\"],\"status\":[\"0\",\"0\",\"1\",\"2\"],\"passwordList[0].password\":[\"werwqaer\"],\"passwordList[1].password\":[\"aweraserwqer\"],\"passwordList[2].password\":[\"sadfase\"],\"btSelectAll\":[\"\"],\"btSelectItem\":[\"\"]}','{\r\n  \"msg\" : \"æ“ä½œæˆåŠŸ\",\r\n  \"code\" : 0\r\n}',0,NULL,'2021-07-05 11:17:53'),(261,'è´¦å¯†ç°¿',1,'com.ruoyi.usertool.controller.AccountController.addSave()','POST',1,'admin','ç ”å‘éƒ¨é—¨','/usertool/account/add','127.0.0.1','å†…ç½‘IP','{\"userId\":[\"1\"],\"stationId\":[\"1\"],\"accountId\":[\"werqwerwq\"],\"nickName\":[\"\"],\"description\":[\"\"],\"status\":[\"1\",\"0\",\"1\",\"2\",\"0\"],\"passwordList[0].password\":[\"qwerqwer\"],\"passwordList[1].password\":[\"234qw34\"],\"passwordList[2].password\":[\"21342134\"],\"passwordList[3].password\":[\"2134\"],\"btSelectAll\":[\"\"],\"btSelectItem\":[\"\"]}','{\r\n  \"msg\" : \"æ“ä½œæˆåŠŸ\",\r\n  \"code\" : 0\r\n}',0,NULL,'2021-07-05 11:33:56'),(262,'è´¦å¯†ç°¿',1,'com.ruoyi.usertool.controller.AccountController.addSave()','POST',1,'admin','ç ”å‘éƒ¨é—¨','/usertool/account/add','127.0.0.1','å†…ç½‘IP','{\"userId\":[\"1\"],\"stationId\":[\"1\"],\"accountId\":[\"a\"],\"nickName\":[\"\"],\"description\":[\"\"],\"status\":[\"0\"],\"passwordList[0].password\":[\"1\"],\"passwordList[0].status\":[\"0\"],\"passwordList[1].password\":[\"2\"],\"passwordList[1].status\":[\"1\"],\"passwordList[2].password\":[\"3\"],\"passwordList[2].status\":[\"2\"],\"btSelectAll\":[\"\"],\"btSelectItem\":[\"\"]}','{\r\n  \"msg\" : \"æ“ä½œæˆåŠŸ\",\r\n  \"code\" : 0\r\n}',0,NULL,'2021-07-05 11:51:07'),(263,'è´¦å¯†ç°¿',3,'com.ruoyi.usertool.controller.AccountController.remove()','POST',1,'admin','ç ”å‘éƒ¨é—¨','/usertool/account/remove','127.0.0.1','å†…ç½‘IP','{\"ids\":[\"18\"]}','{\r\n  \"msg\" : \"æ“ä½œæˆåŠŸ\",\r\n  \"code\" : 0\r\n}',0,NULL,'2021-07-05 11:52:35'),(264,'è´¦å¯†ç°¿',3,'com.ruoyi.usertool.controller.AccountController.remove()','POST',1,'admin','ç ”å‘éƒ¨é—¨','/usertool/account/remove','127.0.0.1','å†…ç½‘IP','{\"ids\":[\"19\"]}','{\r\n  \"msg\" : \"æ“ä½œæˆåŠŸ\",\r\n  \"code\" : 0\r\n}',0,NULL,'2021-07-05 11:52:36'),(265,'è´¦å¯†ç°¿',3,'com.ruoyi.usertool.controller.AccountController.remove()','POST',1,'admin','ç ”å‘éƒ¨é—¨','/usertool/account/remove','127.0.0.1','å†…ç½‘IP','{\"ids\":[\"20\"]}','{\r\n  \"msg\" : \"æ“ä½œæˆåŠŸ\",\r\n  \"code\" : 0\r\n}',0,NULL,'2021-07-05 11:52:38'),(266,'è´¦å¯†ç°¿',1,'com.ruoyi.usertool.controller.AccountController.addSave()','POST',1,'admin','ç ”å‘éƒ¨é—¨','/usertool/account/add','127.0.0.1','å†…ç½‘IP','{\"userId\":[\"1\"],\"stationId\":[\"1\"],\"accountId\":[\"2222\"],\"nickName\":[\"\"],\"description\":[\"\"],\"status\":[\"0\"],\"passwordList[0].password\":[\"111\"],\"passwordList[0].status\":[\"0\"],\"passwordList[1].password\":[\"222\"],\"passwordList[1].status\":[\"1\"],\"passwordList[2].password\":[\"333\"],\"passwordList[2].status\":[\"2\"],\"btSelectAll\":[\"\"],\"btSelectItem\":[\"\"]}','{\r\n  \"msg\" : \"æ“ä½œæˆåŠŸ\",\r\n  \"code\" : 0\r\n}',0,NULL,'2021-07-05 12:01:54'),(267,'ä»£ç ç”Ÿæˆ',8,'com.ruoyi.generator.controller.GenController.download()','GET',1,'admin','ç ”å‘éƒ¨é—¨','/tool/gen/download/passwords','127.0.0.1','å†…ç½‘IP','\"passwords\"',NULL,0,NULL,'2021-07-05 12:10:56'),(268,'ä»£ç ç”Ÿæˆ',2,'com.ruoyi.generator.controller.GenController.editSave()','POST',1,'admin','ç ”å‘éƒ¨é—¨','/tool/gen/edit','127.0.0.1','å†…ç½‘IP','{\"tableId\":[\"7\"],\"tableName\":[\"passwords\"],\"tableComment\":[\"å¯†ç è¡¨\"],\"className\":[\"Password\"],\"functionAuthor\":[\"ruoyi\"],\"remark\":[\"\"],\"columns[0].columnId\":[\"58\"],\"columns[0].sort\":[\"1\"],\"columns[0].columnComment\":[\"id\"],\"columns[0].javaType\":[\"Long\"],\"columns[0].javaField\":[\"passwordId\"],\"columns[0].queryType\":[\"EQ\"],\"columns[0].htmlType\":[\"input\"],\"columns[0].dictType\":[\"\"],\"columns[1].columnId\":[\"59\"],\"columns[1].sort\":[\"2\"],\"columns[1].columnComment\":[\"è´¦å·\"],\"columns[1].javaType\":[\"Long\"],\"columns[1].javaField\":[\"accountId\"],\"columns[1].queryType\":[\"EQ\"],\"columns[1].htmlType\":[\"input\"],\"columns[1].dictType\":[\"\"],\"columns[2].columnId\":[\"60\"],\"columns[2].sort\":[\"3\"],\"columns[2].columnComment\":[\"å¯†ç \"],\"columns[2].javaType\":[\"String\"],\"columns[2].javaField\":[\"password\"],\"columns[2].isInsert\":[\"1\"],\"columns[2].isEdit\":[\"1\"],\"columns[2].isList\":[\"1\"],\"columns[2].isQuery\":[\"1\"],\"columns[2].queryType\":[\"EQ\"],\"columns[2].isRequired\":[\"1\"],\"columns[2].htmlType\":[\"input\"],\"columns[2].dictType\":[\"\"],\"columns[3].columnId\":[\"61\"],\"columns[3].sort\":[\"4\"],\"columns[3].columnComment\":[\"çŠ¶æ€\"],\"columns[3].javaType\":[\"String\"],\"columns[3].javaField\":[\"status\"],\"columns[3].isInsert\":[\"1\"],\"columns[3].isEdit\":[\"1\"],\"columns[3].isList\":[\"1\"],\"columns[3].isQuery\":[\"1\"],\"columns[3].queryType\":[\"EQ\"],\"columns[3].isRequired\":[\"1\"],\"columns[3].htmlType\":[\"select\"],\"columns[3].dictType\":[\"user_account_manage_password_status\"],\"columns[4].columnId\":[\"62\"],\"columns[4].sort\":[\"5\"],\"columns[4].columnComment\":[\"é€»è¾‘åˆ é™¤\"],\"columns[4].javaType\":[\"Integer\"],\"columns[4].javaField\":[\"deleted\"],\"columns[4].queryType\":[\"EQ\"],\"columns[4].htmlType\":[\"input\"],\"columns[4].dictType\":[\"\"],\"columns[5].columnId\":[\"63\"],\"columns[5].sort\":[\"6\"],\"columns[5].columnComment\":[\"åˆ›å»ºæ—¶é—´\"],\"columns[5].javaType\":[\"Date\"],\"columns[5].javaField\":[\"gmtCreate\"],\"columns[5].isList\":[\"1\"],\"columns[5].isQuery\":[\"1\"],\"columns[5].queryType\":[\"EQ\"],\"columns[5].htmlType\":[\"datetime\"],\"columns[5].dictType\":[\"\"],\"columns[6].columnId\":[\"64\"],\"co','{\r\n  \"msg\" : \"æ“ä½œæˆåŠŸ\",\r\n  \"code\" : 0\r\n}',0,NULL,'2021-07-05 12:13:14'),(269,'ä»£ç ç”Ÿæˆ',8,'com.ruoyi.generator.controller.GenController.download()','GET',1,'admin','ç ”å‘éƒ¨é—¨','/tool/gen/download/passwords','127.0.0.1','å†…ç½‘IP','\"passwords\"',NULL,0,NULL,'2021-07-05 12:13:17'),(270,'è´¦å¯†ç°¿',3,'com.ruoyi.usertool.controller.AccountController.remove()','POST',1,'admin','ç ”å‘éƒ¨é—¨','/usertool/account/remove','127.0.0.1','å†…ç½‘IP','{\"ids\":[\"17\"]}','{\r\n  \"msg\" : \"æ“ä½œæˆåŠŸ\",\r\n  \"code\" : 0\r\n}',0,NULL,'2021-07-05 12:29:51'),(271,'ä»£ç ç”Ÿæˆ',2,'com.ruoyi.generator.controller.GenController.editSave()','POST',1,'admin','ç ”å‘éƒ¨é—¨','/tool/gen/edit','127.0.0.1','å†…ç½‘IP','{\"tableId\":[\"7\"],\"tableName\":[\"passwords\"],\"tableComment\":[\"å¯†ç è¡¨\"],\"className\":[\"Password\"],\"functionAuthor\":[\"ruoyi\"],\"remark\":[\"\"],\"columns[0].columnId\":[\"58\"],\"columns[0].sort\":[\"1\"],\"columns[0].columnComment\":[\"id\"],\"columns[0].javaType\":[\"Long\"],\"columns[0].javaField\":[\"passwordId\"],\"columns[0].queryType\":[\"EQ\"],\"columns[0].htmlType\":[\"input\"],\"columns[0].dictType\":[\"\"],\"columns[1].columnId\":[\"59\"],\"columns[1].sort\":[\"2\"],\"columns[1].columnComment\":[\"è´¦å·\"],\"columns[1].javaType\":[\"Long\"],\"columns[1].javaField\":[\"accountId\"],\"columns[1].queryType\":[\"EQ\"],\"columns[1].htmlType\":[\"input\"],\"columns[1].dictType\":[\"\"],\"columns[2].columnId\":[\"60\"],\"columns[2].sort\":[\"3\"],\"columns[2].columnComment\":[\"å¯†ç \"],\"columns[2].javaType\":[\"String\"],\"columns[2].javaField\":[\"password\"],\"columns[2].isInsert\":[\"1\"],\"columns[2].isEdit\":[\"1\"],\"columns[2].isList\":[\"1\"],\"columns[2].isQuery\":[\"1\"],\"columns[2].queryType\":[\"EQ\"],\"columns[2].isRequired\":[\"1\"],\"columns[2].htmlType\":[\"input\"],\"columns[2].dictType\":[\"\"],\"columns[3].columnId\":[\"61\"],\"columns[3].sort\":[\"4\"],\"columns[3].columnComment\":[\"çŠ¶æ€\"],\"columns[3].javaType\":[\"String\"],\"columns[3].javaField\":[\"status\"],\"columns[3].isInsert\":[\"1\"],\"columns[3].isEdit\":[\"1\"],\"columns[3].isList\":[\"1\"],\"columns[3].isQuery\":[\"1\"],\"columns[3].queryType\":[\"EQ\"],\"columns[3].isRequired\":[\"1\"],\"columns[3].htmlType\":[\"select\"],\"columns[3].dictType\":[\"user_account_manage_password_status\"],\"columns[4].columnId\":[\"62\"],\"columns[4].sort\":[\"5\"],\"columns[4].columnComment\":[\"é€»è¾‘åˆ é™¤\"],\"columns[4].javaType\":[\"Integer\"],\"columns[4].javaField\":[\"deleted\"],\"columns[4].queryType\":[\"EQ\"],\"columns[4].htmlType\":[\"input\"],\"columns[4].dictType\":[\"\"],\"columns[5].columnId\":[\"63\"],\"columns[5].sort\":[\"6\"],\"columns[5].columnComment\":[\"åˆ›å»ºæ—¶é—´\"],\"columns[5].javaType\":[\"Date\"],\"columns[5].javaField\":[\"gmtCreate\"],\"columns[5].isList\":[\"1\"],\"columns[5].isQuery\":[\"1\"],\"columns[5].queryType\":[\"EQ\"],\"columns[5].htmlType\":[\"datetime\"],\"columns[5].dictType\":[\"\"],\"columns[6].columnId\":[\"64\"],\"co','{\r\n  \"msg\" : \"æ“ä½œæˆåŠŸ\",\r\n  \"code\" : 0\r\n}',0,NULL,'2021-07-05 12:42:38'),(272,'ä»£ç ç”Ÿæˆ',8,'com.ruoyi.generator.controller.GenController.download()','GET',1,'admin','ç ”å‘éƒ¨é—¨','/tool/gen/download/passwords','127.0.0.1','å†…ç½‘IP','\"passwords\"',NULL,0,NULL,'2021-07-05 12:42:42'),(273,'èœå•ç®¡ç†',3,'com.ruoyi.web.controller.system.SysMenuController.remove()','GET',1,'admin','ç ”å‘éƒ¨é—¨','/system/menu/remove/2014','127.0.0.1','å†…ç½‘IP','2014','{\r\n  \"msg\" : \"å­˜åœ¨å­èœå•,ä¸å…è®¸åˆ é™¤\",\r\n  \"code\" : 301\r\n}',0,NULL,'2021-07-06 01:40:52'),(274,'èœå•ç®¡ç†',3,'com.ruoyi.web.controller.system.SysMenuController.remove()','GET',1,'admin','ç ”å‘éƒ¨é—¨','/system/menu/remove/2015','127.0.0.1','å†…ç½‘IP','2015','{\r\n  \"msg\" : \"æ“ä½œæˆåŠŸ\",\r\n  \"code\" : 0\r\n}',0,NULL,'2021-07-06 01:40:59'),(275,'èœå•ç®¡ç†',3,'com.ruoyi.web.controller.system.SysMenuController.remove()','GET',1,'admin','ç ”å‘éƒ¨é—¨','/system/menu/remove/2016','127.0.0.1','å†…ç½‘IP','2016','{\r\n  \"msg\" : \"æ“ä½œæˆåŠŸ\",\r\n  \"code\" : 0\r\n}',0,NULL,'2021-07-06 01:41:19'),(276,'èœå•ç®¡ç†',3,'com.ruoyi.web.controller.system.SysMenuController.remove()','GET',1,'admin','ç ”å‘éƒ¨é—¨','/system/menu/remove/2018','127.0.0.1','å†…ç½‘IP','2018','{\r\n  \"msg\" : \"æ“ä½œæˆåŠŸ\",\r\n  \"code\" : 0\r\n}',0,NULL,'2021-07-06 01:41:26'),(277,'èœå•ç®¡ç†',3,'com.ruoyi.web.controller.system.SysMenuController.remove()','GET',1,'admin','ç ”å‘éƒ¨é—¨','/system/menu/remove/2012','127.0.0.1','å†…ç½‘IP','2012','{\r\n  \"msg\" : \"æ“ä½œæˆåŠŸ\",\r\n  \"code\" : 0\r\n}',0,NULL,'2021-07-06 01:41:32'),(278,'èœå•ç®¡ç†',3,'com.ruoyi.web.controller.system.SysMenuController.remove()','GET',1,'admin','ç ”å‘éƒ¨é—¨','/system/menu/remove/2017','127.0.0.1','å†…ç½‘IP','2017','{\r\n  \"msg\" : \"æ“ä½œæˆåŠŸ\",\r\n  \"code\" : 0\r\n}',0,NULL,'2021-07-06 01:43:06'),(279,'èœå•ç®¡ç†',3,'com.ruoyi.web.controller.system.SysMenuController.remove()','GET',1,'admin','ç ”å‘éƒ¨é—¨','/system/menu/remove/2019','127.0.0.1','å†…ç½‘IP','2019','{\r\n  \"msg\" : \"æ“ä½œæˆåŠŸ\",\r\n  \"code\" : 0\r\n}',0,NULL,'2021-07-06 01:43:13'),(280,'èœå•ç®¡ç†',3,'com.ruoyi.web.controller.system.SysMenuController.remove()','GET',1,'admin','ç ”å‘éƒ¨é—¨','/system/menu/remove/2014','127.0.0.1','å†…ç½‘IP','2014','{\r\n  \"msg\" : \"æ“ä½œæˆåŠŸ\",\r\n  \"code\" : 0\r\n}',0,NULL,'2021-07-06 01:43:29'),(281,'èœå•ç®¡ç†',1,'com.ruoyi.web.controller.system.SysMenuController.addSave()','POST',1,'admin','ç ”å‘éƒ¨é—¨','/system/menu/add','127.0.0.1','å†…ç½‘IP','{\"parentId\":[\"2008\"],\"menuType\":[\"F\"],\"menuName\":[\"ç®¡ç†å¯†ç \"],\"url\":[\"\"],\"target\":[\"menuItem\"],\"perms\":[\"usertool:account:editPassword\"],\"orderNum\":[\"6\"],\"icon\":[\"\"],\"visible\":[\"0\"],\"isRefresh\":[\"1\"]}','{\r\n  \"msg\" : \"æ“ä½œæˆåŠŸ\",\r\n  \"code\" : 0\r\n}',0,NULL,'2021-07-06 01:45:20'),(282,'ä»£ç ç”Ÿæˆ',2,'com.ruoyi.generator.controller.GenController.editSave()','POST',1,'admin','ç ”å‘éƒ¨é—¨','/tool/gen/edit','127.0.0.1','å†…ç½‘IP','{\"tableId\":[\"7\"],\"tableName\":[\"passwords\"],\"tableComment\":[\"å¯†ç è¡¨\"],\"className\":[\"Password\"],\"functionAuthor\":[\"ruoyi\"],\"remark\":[\"\"],\"columns[0].columnId\":[\"58\"],\"columns[0].sort\":[\"1\"],\"columns[0].columnComment\":[\"id\"],\"columns[0].javaType\":[\"Long\"],\"columns[0].javaField\":[\"passwordId\"],\"columns[0].queryType\":[\"EQ\"],\"columns[0].htmlType\":[\"input\"],\"columns[0].dictType\":[\"\"],\"columns[1].columnId\":[\"59\"],\"columns[1].sort\":[\"2\"],\"columns[1].columnComment\":[\"è´¦å·\"],\"columns[1].javaType\":[\"Long\"],\"columns[1].javaField\":[\"accountId\"],\"columns[1].queryType\":[\"EQ\"],\"columns[1].htmlType\":[\"input\"],\"columns[1].dictType\":[\"\"],\"columns[2].columnId\":[\"60\"],\"columns[2].sort\":[\"3\"],\"columns[2].columnComment\":[\"å¯†ç \"],\"columns[2].javaType\":[\"String\"],\"columns[2].javaField\":[\"password\"],\"columns[2].isInsert\":[\"1\"],\"columns[2].isEdit\":[\"1\"],\"columns[2].isList\":[\"1\"],\"columns[2].isQuery\":[\"1\"],\"columns[2].queryType\":[\"EQ\"],\"columns[2].isRequired\":[\"1\"],\"columns[2].htmlType\":[\"input\"],\"columns[2].dictType\":[\"\"],\"columns[3].columnId\":[\"61\"],\"columns[3].sort\":[\"4\"],\"columns[3].columnComment\":[\"çŠ¶æ€\"],\"columns[3].javaType\":[\"String\"],\"columns[3].javaField\":[\"status\"],\"columns[3].isInsert\":[\"1\"],\"columns[3].isEdit\":[\"1\"],\"columns[3].isList\":[\"1\"],\"columns[3].isQuery\":[\"1\"],\"columns[3].queryType\":[\"EQ\"],\"columns[3].isRequired\":[\"1\"],\"columns[3].htmlType\":[\"select\"],\"columns[3].dictType\":[\"user_account_manage_password_status\"],\"columns[4].columnId\":[\"62\"],\"columns[4].sort\":[\"5\"],\"columns[4].columnComment\":[\"é€»è¾‘åˆ é™¤\"],\"columns[4].javaType\":[\"Integer\"],\"columns[4].javaField\":[\"deleted\"],\"columns[4].queryType\":[\"EQ\"],\"columns[4].htmlType\":[\"input\"],\"columns[4].dictType\":[\"\"],\"columns[5].columnId\":[\"63\"],\"columns[5].sort\":[\"6\"],\"columns[5].columnComment\":[\"åˆ›å»ºæ—¶é—´\"],\"columns[5].javaType\":[\"Date\"],\"columns[5].javaField\":[\"gmtCreate\"],\"columns[5].isList\":[\"1\"],\"columns[5].isQuery\":[\"1\"],\"columns[5].queryType\":[\"EQ\"],\"columns[5].htmlType\":[\"datetime\"],\"columns[5].dictType\":[\"\"],\"columns[6].columnId\":[\"64\"],\"co','{\r\n  \"msg\" : \"æ“ä½œæˆåŠŸ\",\r\n  \"code\" : 0\r\n}',0,NULL,'2021-07-06 01:46:48'),(283,'ä»£ç ç”Ÿæˆ',8,'com.ruoyi.generator.controller.GenController.download()','GET',1,'admin','ç ”å‘éƒ¨é—¨','/tool/gen/download/passwords','127.0.0.1','å†…ç½‘IP','\"passwords\"',NULL,0,NULL,'2021-07-06 01:46:52'),(284,'èœå•ç®¡ç†',2,'com.ruoyi.web.controller.system.SysMenuController.editSave()','POST',1,'admin','ç ”å‘éƒ¨é—¨','/system/menu/edit','127.0.0.1','å†…ç½‘IP','{\"menuId\":[\"2021\"],\"parentId\":[\"2000\"],\"menuType\":[\"C\"],\"menuName\":[\"å¯†ç è¡¨\"],\"url\":[\"/usertool/password\"],\"target\":[\"menuItem\"],\"perms\":[\"\"],\"orderNum\":[\"1\"],\"icon\":[\"#\"],\"visible\":[\"0\"],\"isRefresh\":[\"1\"]}','{\r\n  \"msg\" : \"æ“ä½œæˆåŠŸ\",\r\n  \"code\" : 0\r\n}',0,NULL,'2021-07-06 01:54:12'),(285,'èœå•ç®¡ç†',2,'com.ruoyi.web.controller.system.SysMenuController.editSave()','POST',1,'admin','ç ”å‘éƒ¨é—¨','/system/menu/edit','127.0.0.1','å†…ç½‘IP','{\"menuId\":[\"2021\"],\"parentId\":[\"2000\"],\"menuType\":[\"C\"],\"menuName\":[\"å¯†ç è¡¨\"],\"url\":[\"/usertool/password\"],\"target\":[\"menuItem\"],\"perms\":[\"usertool:password:view\"],\"orderNum\":[\"1\"],\"icon\":[\"#\"],\"visible\":[\"0\"],\"isRefresh\":[\"1\"]}','{\r\n  \"msg\" : \"æ“ä½œæˆåŠŸ\",\r\n  \"code\" : 0\r\n}',0,NULL,'2021-07-06 01:54:30'),(286,'èœå•ç®¡ç†',2,'com.ruoyi.web.controller.system.SysMenuController.editSave()','POST',1,'admin','ç ”å‘éƒ¨é—¨','/system/menu/edit','127.0.0.1','å†…ç½‘IP','{\"menuId\":[\"2021\"],\"parentId\":[\"2000\"],\"menuType\":[\"C\"],\"menuName\":[\"å¯†ç è¡¨\"],\"url\":[\"/usertool/password\"],\"target\":[\"menuItem\"],\"perms\":[\"usertool:password:view\"],\"orderNum\":[\"1\"],\"icon\":[\"#\"],\"visible\":[\"1\"],\"isRefresh\":[\"1\"]}','{\r\n  \"msg\" : \"æ“ä½œæˆåŠŸ\",\r\n  \"code\" : 0\r\n}',0,NULL,'2021-07-06 02:14:14'),(287,'å¯†ç è¡¨',3,'com.ruoyi.usertool.controller.PasswordController.remove()','POST',1,'admin','ç ”å‘éƒ¨é—¨','/usertool/password/remove','127.0.0.1','å†…ç½‘IP','{\"ids\":[\"10\"]}','{\r\n  \"msg\" : \"æ“ä½œæˆåŠŸ\",\r\n  \"code\" : 0\r\n}',0,NULL,'2021-07-06 02:16:17'),(288,'å¯†ç è¡¨',3,'com.ruoyi.usertool.controller.PasswordController.remove()','POST',1,'admin','ç ”å‘éƒ¨é—¨','/usertool/password/remove','127.0.0.1','å†…ç½‘IP','{\"ids\":[\"1\"]}','{\r\n  \"msg\" : \"æ“ä½œæˆåŠŸ\",\r\n  \"code\" : 0\r\n}',0,NULL,'2021-07-06 02:16:38'),(289,'å¯†ç è¡¨',3,'com.ruoyi.usertool.controller.PasswordController.remove()','POST',1,'admin','ç ”å‘éƒ¨é—¨','/usertool/password/remove','127.0.0.1','å†…ç½‘IP','{\"ids\":[\"11\"]}','{\r\n  \"msg\" : \"æ“ä½œæˆåŠŸ\",\r\n  \"code\" : 0\r\n}',0,NULL,'2021-07-06 02:16:38'),(290,'å¯†ç è¡¨',3,'com.ruoyi.usertool.controller.PasswordController.remove()','POST',1,'admin','ç ”å‘éƒ¨é—¨','/usertool/password/remove','127.0.0.1','å†…ç½‘IP','{\"ids\":[\"13\"]}','{\r\n  \"msg\" : \"æ“ä½œæˆåŠŸ\",\r\n  \"code\" : 0\r\n}',0,NULL,'2021-07-06 02:16:57'),(291,'å¯†ç è¡¨',3,'com.ruoyi.usertool.controller.PasswordController.remove()','POST',1,'admin','ç ”å‘éƒ¨é—¨','/usertool/password/remove','127.0.0.1','å†…ç½‘IP','{\"ids\":[\"22\"]}','{\r\n  \"msg\" : \"æ“ä½œæˆåŠŸ\",\r\n  \"code\" : 0\r\n}',0,NULL,'2021-07-06 02:17:15'),(292,'å¯†ç è¡¨',3,'com.ruoyi.usertool.controller.PasswordController.remove()','POST',1,'admin','ç ”å‘éƒ¨é—¨','/usertool/password/remove','127.0.0.1','å†…ç½‘IP','{\"ids\":[\"21\"]}','{\r\n  \"msg\" : \"æ“ä½œæˆåŠŸ\",\r\n  \"code\" : 0\r\n}',0,NULL,'2021-07-06 02:17:17'),(293,'å¯†ç è¡¨',3,'com.ruoyi.usertool.controller.PasswordController.remove()','POST',1,'admin','ç ”å‘éƒ¨é—¨','/usertool/password/remove','127.0.0.1','å†…ç½‘IP','{\"ids\":[\"20\"]}','{\r\n  \"msg\" : \"æ“ä½œæˆåŠŸ\",\r\n  \"code\" : 0\r\n}',0,NULL,'2021-07-06 02:17:19'),(294,'å¯†ç è¡¨',3,'com.ruoyi.usertool.controller.PasswordController.remove()','POST',1,'admin','ç ”å‘éƒ¨é—¨','/usertool/password/remove','127.0.0.1','å†…ç½‘IP','{\"ids\":[\"19\"]}','{\r\n  \"msg\" : \"æ“ä½œæˆåŠŸ\",\r\n  \"code\" : 0\r\n}',0,NULL,'2021-07-06 02:17:21'),(295,'å¯†ç è¡¨',3,'com.ruoyi.usertool.controller.PasswordController.remove()','POST',1,'admin','ç ”å‘éƒ¨é—¨','/usertool/password/remove','127.0.0.1','å†…ç½‘IP','{\"ids\":[\"18\"]}','{\r\n  \"msg\" : \"æ“ä½œæˆåŠŸ\",\r\n  \"code\" : 0\r\n}',0,NULL,'2021-07-06 02:17:22'),(296,'å¯†ç è¡¨',3,'com.ruoyi.usertool.controller.PasswordController.remove()','POST',1,'admin','ç ”å‘éƒ¨é—¨','/usertool/password/remove','127.0.0.1','å†…ç½‘IP','{\"ids\":[\"17\"]}','{\r\n  \"msg\" : \"æ“ä½œæˆåŠŸ\",\r\n  \"code\" : 0\r\n}',0,NULL,'2021-07-06 02:17:23'),(297,'å¯†ç è¡¨',3,'com.ruoyi.usertool.controller.PasswordController.remove()','POST',1,'admin','ç ”å‘éƒ¨é—¨','/usertool/password/remove','127.0.0.1','å†…ç½‘IP','{\"ids\":[\"16\"]}','{\r\n  \"msg\" : \"æ“ä½œæˆåŠŸ\",\r\n  \"code\" : 0\r\n}',0,NULL,'2021-07-06 02:17:25'),(298,'å¯†ç è¡¨',3,'com.ruoyi.usertool.controller.PasswordController.remove()','POST',1,'admin','ç ”å‘éƒ¨é—¨','/usertool/password/remove','127.0.0.1','å†…ç½‘IP','{\"ids\":[\"15\"]}','{\r\n  \"msg\" : \"æ“ä½œæˆåŠŸ\",\r\n  \"code\" : 0\r\n}',0,NULL,'2021-07-06 02:17:28'),(299,'å¯†ç è¡¨',3,'com.ruoyi.usertool.controller.PasswordController.remove()','POST',1,'admin','ç ”å‘éƒ¨é—¨','/usertool/password/remove','127.0.0.1','å†…ç½‘IP','{\"ids\":[\"14\"]}','{\r\n  \"msg\" : \"æ“ä½œæˆåŠŸ\",\r\n  \"code\" : 0\r\n}',0,NULL,'2021-07-06 02:17:30'),(300,'å¯†ç è¡¨',3,'com.ruoyi.usertool.controller.PasswordController.remove()','POST',1,'admin','ç ”å‘éƒ¨é—¨','/usertool/password/remove','127.0.0.1','å†…ç½‘IP','{\"ids\":[\"12\"]}','{\r\n  \"msg\" : \"æ“ä½œæˆåŠŸ\",\r\n  \"code\" : 0\r\n}',0,NULL,'2021-07-06 02:17:31'),(301,'å¯†ç è¡¨',3,'com.ruoyi.usertool.controller.PasswordController.remove()','POST',1,'admin','ç ”å‘éƒ¨é—¨','/usertool/password/remove','127.0.0.1','å†…ç½‘IP','{\"ids\":[\"9\"]}','{\r\n  \"msg\" : \"æ“ä½œæˆåŠŸ\",\r\n  \"code\" : 0\r\n}',0,NULL,'2021-07-06 02:17:33'),(302,'å¯†ç è¡¨',3,'com.ruoyi.usertool.controller.PasswordController.remove()','POST',1,'admin','ç ”å‘éƒ¨é—¨','/usertool/password/remove','127.0.0.1','å†…ç½‘IP','{\"ids\":[\"8\"]}','{\r\n  \"msg\" : \"æ“ä½œæˆåŠŸ\",\r\n  \"code\" : 0\r\n}',0,NULL,'2021-07-06 02:17:34'),(303,'å¯†ç è¡¨',3,'com.ruoyi.usertool.controller.PasswordController.remove()','POST',1,'admin','ç ”å‘éƒ¨é—¨','/usertool/password/remove','127.0.0.1','å†…ç½‘IP','{\"ids\":[\"7\"]}','{\r\n  \"msg\" : \"æ“ä½œæˆåŠŸ\",\r\n  \"code\" : 0\r\n}',0,NULL,'2021-07-06 02:17:36'),(304,'è´¦å¯†ç°¿',1,'com.ruoyi.usertool.controller.AccountController.addSave()','POST',1,'admin','ç ”å‘éƒ¨é—¨','/usertool/account/add','127.0.0.1','å†…ç½‘IP','{\"userId\":[\"1\"],\"stationId\":[\"1\"],\"accountId\":[\"tttteeeesssstttt\"],\"nickName\":[\"\"],\"description\":[\"\"],\"status\":[\"0\"],\"passwordList[0].password\":[\"111\"],\"passwordList[0].status\":[\"0\"],\"passwordList[1].password\":[\"222\"],\"passwordList[1].status\":[\"1\"],\"passwordList[2].password\":[\"333\"],\"passwordList[2].status\":[\"0\"],\"btSelectAll\":[\"\"],\"btSelectItem\":[\"\"]}','{\r\n  \"msg\" : \"æ“ä½œæˆåŠŸ\",\r\n  \"code\" : 0\r\n}',0,NULL,'2021-07-06 03:09:03'),(305,'è´¦å¯†ç°¿',3,'com.ruoyi.usertool.controller.AccountController.remove()','POST',1,'admin','ç ”å‘éƒ¨é—¨','/usertool/account/remove','127.0.0.1','å†…ç½‘IP','{\"ids\":[\"23\"]}','{\r\n  \"msg\" : \"æ“ä½œæˆåŠŸ\",\r\n  \"code\" : 0\r\n}',0,NULL,'2021-07-06 06:12:15'),(306,'è´¦å¯†ç°¿',3,'com.ruoyi.usertool.controller.AccountController.remove()','POST',1,'admin','ç ”å‘éƒ¨é—¨','/usertool/account/remove','127.0.0.1','å†…ç½‘IP','{\"ids\":[\"22\"]}','{\r\n  \"msg\" : \"æ“ä½œæˆåŠŸ\",\r\n  \"code\" : 0\r\n}',0,NULL,'2021-07-06 06:12:27'),(307,'è´¦å¯†ç°¿',3,'com.ruoyi.usertool.controller.AccountController.remove()','POST',1,'admin','ç ”å‘éƒ¨é—¨','/usertool/account/remove','127.0.0.1','å†…ç½‘IP','{\"ids\":[\"21\"]}','{\r\n  \"msg\" : \"æ“ä½œå¤±è´¥\",\r\n  \"code\" : 500\r\n}',0,NULL,'2021-07-06 06:16:07'),(308,'è´¦å¯†ç°¿',3,'com.ruoyi.usertool.controller.AccountController.remove()','POST',1,'admin','ç ”å‘éƒ¨é—¨','/usertool/account/remove','127.0.0.1','å†…ç½‘IP','{\"ids\":[\"21\"]}','{\r\n  \"msg\" : \"æ“ä½œå¤±è´¥\",\r\n  \"code\" : 500\r\n}',0,NULL,'2021-07-06 06:16:49'),(309,'è´¦å¯†ç°¿',3,'com.ruoyi.usertool.controller.AccountController.remove()','POST',1,'admin','ç ”å‘éƒ¨é—¨','/usertool/account/remove','127.0.0.1','å†…ç½‘IP','{\"ids\":[\"21\"]}','{\r\n  \"msg\" : \"æ“ä½œæˆåŠŸ\",\r\n  \"code\" : 0\r\n}',0,NULL,'2021-07-06 06:17:23'),(310,'è´¦å¯†ç°¿',3,'com.ruoyi.usertool.controller.AccountController.remove()','POST',1,'admin','ç ”å‘éƒ¨é—¨','/usertool/account/remove','127.0.0.1','å†…ç½‘IP','{\"ids\":[\"21\"]}','{\r\n  \"msg\" : \"æ“ä½œæˆåŠŸ\",\r\n  \"code\" : 0\r\n}',0,NULL,'2021-07-06 06:17:26'),(311,'è´¦å¯†ç°¿',3,'com.ruoyi.usertool.controller.AccountController.remove()','POST',1,'admin','ç ”å‘éƒ¨é—¨','/usertool/account/remove','127.0.0.1','å†…ç½‘IP','{\"ids\":[\"5\"]}','{\r\n  \"msg\" : \"æ“ä½œæˆåŠŸ\",\r\n  \"code\" : 0\r\n}',0,NULL,'2021-07-06 06:17:27'),(312,'è´¦å¯†ç°¿',3,'com.ruoyi.usertool.controller.AccountController.remove()','POST',1,'admin','ç ”å‘éƒ¨é—¨','/usertool/account/remove','127.0.0.1','å†…ç½‘IP','{\"ids\":[\"5,21\"]}','{\r\n  \"msg\" : \"æ“ä½œæˆåŠŸ\",\r\n  \"code\" : 0\r\n}',0,NULL,'2021-07-06 06:17:31'),(313,'è´¦å¯†ç°¿',3,'com.ruoyi.usertool.controller.AccountController.remove()','POST',1,'admin','ç ”å‘éƒ¨é—¨','/usertool/account/remove','127.0.0.1','å†…ç½‘IP','{\"ids\":[\"4,5,21\"]}','{\r\n  \"msg\" : \"æ“ä½œæˆåŠŸ\",\r\n  \"code\" : 0\r\n}',0,NULL,'2021-07-06 06:17:36'),(314,'è´¦å¯†ç°¿',3,'com.ruoyi.usertool.controller.AccountController.remove()','POST',1,'admin','ç ”å‘éƒ¨é—¨','/usertool/account/remove','127.0.0.1','å†…ç½‘IP','{\"ids\":[\"21\"]}','{\r\n  \"msg\" : \"æ“ä½œæˆåŠŸ\",\r\n  \"code\" : 0\r\n}',0,NULL,'2021-07-06 06:19:30'),(315,'è´¦å¯†ç°¿',3,'com.ruoyi.usertool.controller.AccountController.remove()','POST',1,'admin','ç ”å‘éƒ¨é—¨','/usertool/account/remove','127.0.0.1','å†…ç½‘IP','{\"ids\":[\"4,5\"]}','{\r\n  \"msg\" : \"æ“ä½œæˆåŠŸ\",\r\n  \"code\" : 0\r\n}',0,NULL,'2021-07-06 06:19:38'),(316,'è´¦å¯†ç°¿',3,'com.ruoyi.usertool.controller.AccountController.remove()','POST',1,'admin','ç ”å‘éƒ¨é—¨','/usertool/account/remove','127.0.0.1','å†…ç½‘IP','{\"ids\":[\"3\"]}','{\r\n  \"msg\" : \"æ“ä½œæˆåŠŸ\",\r\n  \"code\" : 0\r\n}',0,NULL,'2021-07-06 06:40:33'),(317,'è´¦å¯†ç°¿',1,'com.ruoyi.usertool.controller.AccountController.addSave()','POST',1,'admin','ç ”å‘éƒ¨é—¨','/usertool/account/add','127.0.0.1','å†…ç½‘IP','{\"userId\":[\"1\"],\"stationId\":[\"1\"],\"accountId\":[\"asdfa\"],\"nickName\":[\"\"],\"description\":[\"\"],\"status\":[\"0\"],\"passwordList[0].password\":[\"1\"],\"passwordList[0].status\":[\"0\"],\"passwordList[1].password\":[\"2\"],\"passwordList[1].status\":[\"1\"],\"passwordList[2].password\":[\"3\"],\"passwordList[2].status\":[\"0\"],\"btSelectAll\":[\"\"],\"btSelectItem\":[\"\"]}','{\r\n  \"msg\" : \"æ“ä½œæˆåŠŸ\",\r\n  \"code\" : 0\r\n}',0,NULL,'2021-07-06 06:40:47'),(318,'è´¦å¯†ç°¿',3,'com.ruoyi.usertool.controller.AccountController.remove()','POST',1,'admin','ç ”å‘éƒ¨é—¨','/usertool/account/remove','127.0.0.1','å†…ç½‘IP','{\"ids\":[\"24\"]}','{\r\n  \"msg\" : \"æ“ä½œå¤±è´¥\",\r\n  \"code\" : 500\r\n}',0,NULL,'2021-07-06 06:41:09'),(319,'è´¦å¯†ç°¿',3,'com.ruoyi.usertool.controller.AccountController.remove()','POST',1,'admin','ç ”å‘éƒ¨é—¨','/usertool/account/remove','127.0.0.1','å†…ç½‘IP','{\"ids\":[\"2,24\"]}','{\r\n  \"msg\" : \"æ“ä½œæˆåŠŸ\",\r\n  \"code\" : 0\r\n}',0,NULL,'2021-07-06 06:46:16'),(320,'è´¦å¯†ç°¿',1,'com.ruoyi.usertool.controller.AccountController.addSave()','POST',1,'admin','ç ”å‘éƒ¨é—¨','/usertool/account/add','127.0.0.1','å†…ç½‘IP','{\"userId\":[\"1\"],\"stationId\":[\"1\"],\"accountId\":[\"123\"],\"nickName\":[\"\"],\"description\":[\"\"],\"status\":[\"0\"],\"passwordList[0].password\":[\"1\"],\"passwordList[0].status\":[\"0\"],\"passwordList[1].password\":[\"2\"],\"passwordList[1].status\":[\"0\"],\"passwordList[2].password\":[\"3\"],\"passwordList[2].status\":[\"1\"],\"passwordList[3].password\":[\"4\"],\"passwordList[3].status\":[\"0\"],\"btSelectAll\":[\"\"],\"btSelectItem\":[\"\"]}','{\r\n  \"msg\" : \"æ“ä½œæˆåŠŸ\",\r\n  \"code\" : 0\r\n}',0,NULL,'2021-07-06 06:47:58'),(321,'è´¦å¯†ç°¿',3,'com.ruoyi.usertool.controller.AccountController.remove()','POST',1,'admin','ç ”å‘éƒ¨é—¨','/usertool/account/remove','127.0.0.1','å†…ç½‘IP','{\"ids\":[\"25\"]}','{\r\n  \"msg\" : \"æ“ä½œå¤±è´¥\",\r\n  \"code\" : 500\r\n}',0,NULL,'2021-07-06 06:48:18'),(322,'è´¦å¯†ç°¿',3,'com.ruoyi.usertool.controller.AccountController.remove()','POST',1,'admin','ç ”å‘éƒ¨é—¨','/usertool/account/remove','127.0.0.1','å†…ç½‘IP','{\"ids\":[\"1,25\"]}','{\r\n  \"msg\" : \"æ“ä½œå¤±è´¥\",\r\n  \"code\" : 500\r\n}',0,NULL,'2021-07-06 06:48:29'),(323,'è´¦å¯†ç°¿',1,'com.ruoyi.usertool.controller.AccountController.addSave()','POST',1,'admin','ç ”å‘éƒ¨é—¨','/usertool/account/add','127.0.0.1','å†…ç½‘IP','{\"userId\":[\"1\"],\"stationId\":[\"1\"],\"accountId\":[\"èµ›é£\"],\"nickName\":[\"\"],\"description\":[\"\"],\"status\":[\"0\"],\"passwordList[0].password\":[\"123\"],\"passwordList[0].status\":[\"1\"],\"btSelectAll\":[\"\"],\"btSelectItem\":[\"\"]}','{\r\n  \"msg\" : \"æ“ä½œæˆåŠŸ\",\r\n  \"code\" : 0\r\n}',0,NULL,'2021-07-06 06:48:38'),(324,'è´¦å¯†ç°¿',3,'com.ruoyi.usertool.controller.AccountController.remove()','POST',1,'admin','ç ”å‘éƒ¨é—¨','/usertool/account/remove','127.0.0.1','å†…ç½‘IP','{\"ids\":[\"25,26\"]}','{\r\n  \"msg\" : \"æ“ä½œå¤±è´¥\",\r\n  \"code\" : 500\r\n}',0,NULL,'2021-07-06 06:48:57'),(325,'å¯†ç è¡¨',3,'com.ruoyi.usertool.controller.PasswordController.remove()','POST',1,'admin','ç ”å‘éƒ¨é—¨','/usertool/password/remove','127.0.0.1','å†…ç½‘IP','{\"ids\":[\"29,30,31,32\"]}','{\r\n  \"msg\" : \"æ“ä½œæˆåŠŸ\",\r\n  \"code\" : 0\r\n}',0,NULL,'2021-07-06 06:49:07'),(326,'å¯†ç è¡¨',3,'com.ruoyi.usertool.controller.PasswordController.remove()','POST',1,'admin','ç ”å‘éƒ¨é—¨','/usertool/password/remove','127.0.0.1','å†…ç½‘IP','{\"ids\":[\"33\"]}','{\r\n  \"msg\" : \"æ“ä½œæˆåŠŸ\",\r\n  \"code\" : 0\r\n}',0,NULL,'2021-07-06 06:49:34'),(327,'è´¦å¯†ç°¿',3,'com.ruoyi.usertool.controller.AccountController.remove()','POST',1,'admin','ç ”å‘éƒ¨é—¨','/usertool/account/remove','127.0.0.1','å†…ç½‘IP','{\"ids\":[\"25,26\"]}','{\r\n  \"msg\" : \"æ“ä½œæˆåŠŸ\",\r\n  \"code\" : 0\r\n}',0,NULL,'2021-07-06 06:49:56'),(328,'è´¦å¯†ç°¿',1,'com.ruoyi.usertool.controller.AccountController.addSave()','POST',1,'admin','ç ”å‘éƒ¨é—¨','/usertool/account/add','127.0.0.1','å†…ç½‘IP','{\"userId\":[\"1\"],\"stationId\":[\"1\"],\"accountId\":[\"1234\"],\"nickName\":[\"\"],\"description\":[\"\"],\"status\":[\"0\"],\"passwordList[0].password\":[\"1234\"],\"passwordList[0].status\":[\"1\"],\"btSelectAll\":[\"\"],\"btSelectItem\":[\"\"]}','{\r\n  \"msg\" : \"æ“ä½œæˆåŠŸ\",\r\n  \"code\" : 0\r\n}',0,NULL,'2021-07-06 06:50:21'),(329,'è´¦å¯†ç°¿',3,'com.ruoyi.usertool.controller.AccountController.remove()','POST',1,'admin','ç ”å‘éƒ¨é—¨','/usertool/account/remove','127.0.0.1','å†…ç½‘IP','{\"ids\":[\"27\"]}','{\r\n  \"msg\" : \"æ“ä½œå¤±è´¥\",\r\n  \"code\" : 500\r\n}',0,NULL,'2021-07-06 06:50:28'),(330,'è´¦å¯†ç°¿',3,'com.ruoyi.usertool.controller.AccountController.remove()','POST',1,'admin','ç ”å‘éƒ¨é—¨','/usertool/account/remove','127.0.0.1','å†…ç½‘IP','{\"ids\":[\"27\"]}','{\r\n  \"msg\" : \"æ“ä½œå¤±è´¥\",\r\n  \"code\" : 500\r\n}',0,NULL,'2021-07-06 06:58:37'),(331,'è´¦å¯†ç°¿',3,'com.ruoyi.usertool.controller.AccountController.remove()','POST',1,'admin','ç ”å‘éƒ¨é—¨','/usertool/account/remove','127.0.0.1','å†…ç½‘IP','{\"ids\":[\"27\"]}','{\r\n  \"msg\" : \"åˆ é™¤å¤±è´¥,æ£€æŸ¥è´¦å·ä¸‹æ˜¯å¦ç»‘å®šæœ‰å¯†ç \",\r\n  \"code\" : 500\r\n}',0,NULL,'2021-07-06 07:00:10'),(332,'è´¦å¯†ç°¿',3,'com.ruoyi.usertool.controller.AccountController.remove()','POST',1,'admin','ç ”å‘éƒ¨é—¨','/usertool/account/remove','127.0.0.1','å†…ç½‘IP','{\"ids\":[\"1,27\"]}','{\r\n  \"msg\" : \"åˆ é™¤å¤±è´¥,æ£€æŸ¥è´¦å·ä¸‹æ˜¯å¦ç»‘å®šæœ‰å¯†ç \",\r\n  \"code\" : 500\r\n}',0,NULL,'2021-07-06 07:00:20'),(333,'å¯†ç è¡¨',3,'com.ruoyi.usertool.controller.PasswordController.remove()','POST',1,'admin','ç ”å‘éƒ¨é—¨','/usertool/password/remove','127.0.0.1','å†…ç½‘IP','{\"ids\":[\"34\"]}','{\r\n  \"msg\" : \"æ“ä½œæˆåŠŸ\",\r\n  \"code\" : 0\r\n}',0,NULL,'2021-07-06 07:00:29'),(334,'è´¦å¯†ç°¿',3,'com.ruoyi.usertool.controller.AccountController.remove()','POST',1,'admin','ç ”å‘éƒ¨é—¨','/usertool/account/remove','127.0.0.1','å†…ç½‘IP','{\"ids\":[\"27\"]}','{\r\n  \"msg\" : \"åˆ é™¤æˆåŠŸ\",\r\n  \"code\" : 0\r\n}',0,NULL,'2021-07-06 07:00:41'),(335,'è´¦å¯†ç°¿',2,'com.ruoyi.usertool.controller.AccountController.editSave()','POST',1,'admin','ç ”å‘éƒ¨é—¨','/usertool/account/edit','127.0.0.1','å†…ç½‘IP','{\"id\":[\"1\"],\"userId\":[\"1\"],\"stationId\":[\"1\"],\"accountId\":[\"wcq\"],\"nickName\":[\"wcq\"],\"description\":[\"xx\"],\"status\":[\"1\"]}','{\r\n  \"msg\" : \"æ“ä½œæˆåŠŸ\",\r\n  \"code\" : 0\r\n}',0,NULL,'2021-07-07 00:17:19'),(336,'ä»£ç ç”Ÿæˆ',3,'com.ruoyi.generator.controller.GenController.remove()','POST',1,'admin','ç ”å‘éƒ¨é—¨','/tool/gen/remove','127.0.0.1','å†…ç½‘IP','{\"ids\":[\"4\"]}','{\r\n  \"msg\" : \"æ“ä½œæˆåŠŸ\",\r\n  \"code\" : 0\r\n}',0,NULL,'2021-07-07 00:55:15'),(337,'è´¦å¯†ç°¿',1,'com.ruoyi.usertool.controller.AccountController.addSave()','POST',1,'admin','ç ”å‘éƒ¨é—¨','/usertool/account/add','127.0.0.1','å†…ç½‘IP','{\"userId\":[\"1\"],\"stationId\":[\"1\"],\"accountId\":[\"254\"],\"nickName\":[\"\"],\"description\":[\"\"],\"status\":[\"0\"],\"passwordList[0].password\":[\"2345\"],\"passwordList[0].status\":[\"0\"],\"passwordList[1].password\":[\"2345\"],\"passwordList[1].status\":[\"0\"],\"passwordList[2].password\":[\"234\"],\"passwordList[2].status\":[\"0\"],\"btSelectAll\":[\"\"],\"btSelectItem\":[\"\"]}','{\r\n  \"msg\" : \"æ“ä½œæˆåŠŸ\",\r\n  \"code\" : 0\r\n}',0,NULL,'2021-07-08 09:17:41'),(338,'å¯†ç è¡¨',1,'com.ruoyi.usertool.controller.PasswordController.addSave()','POST',1,'admin','ç ”å‘éƒ¨é—¨','/usertool/password/add','127.0.0.1','å†…ç½‘IP','{\"status\":[\"0\"]}',NULL,1,'\r\n### Error updating database.  Cause: java.sql.SQLException: Field \'account_id\' doesn\'t have a default value\r\n### The error may exist in com/ruoyi/usertool/mapper/PasswordMapper.java (best guess)\r\n### The error may involve com.ruoyi.usertool.mapper.PasswordMapper.insert-Inline\r\n### The error occurred while setting parameters\r\n### SQL: INSERT INTO passwords  ( password, status )  VALUES  ( ?, ? )\r\n### Cause: java.sql.SQLException: Field \'account_id\' doesn\'t have a default value\n; Field \'account_id\' doesn\'t have a default value; nested exception is java.sql.SQLException: Field \'account_id\' doesn\'t have a default value','2021-07-08 09:24:57'),(339,'å¯†ç è¡¨',1,'com.ruoyi.usertool.controller.PasswordController.addSave()','POST',1,'admin','ç ”å‘éƒ¨é—¨','/usertool/password/add','127.0.0.1','å†…ç½‘IP','{\"status\":[\"0\"]}',NULL,1,'\r\n### Error updating database.  Cause: java.sql.SQLException: Field \'account_id\' doesn\'t have a default value\r\n### The error may exist in com/ruoyi/usertool/mapper/PasswordMapper.java (best guess)\r\n### The error may involve com.ruoyi.usertool.mapper.PasswordMapper.insert-Inline\r\n### The error occurred while setting parameters\r\n### SQL: INSERT INTO passwords  ( password, status )  VALUES  ( ?, ? )\r\n### Cause: java.sql.SQLException: Field \'account_id\' doesn\'t have a default value\n; Field \'account_id\' doesn\'t have a default value; nested exception is java.sql.SQLException: Field \'account_id\' doesn\'t have a default value','2021-07-08 09:27:54'),(340,'å¯†ç è¡¨',2,'com.ruoyi.usertool.controller.PasswordController.editSave()','POST',1,'admin','ç ”å‘éƒ¨é—¨','/usertool/password/edit','127.0.0.1','å†…ç½‘IP','{\"passwordId\":[\"37\"],\"status\":[\"1\"]}','{\r\n  \"msg\" : \"æ“ä½œæˆåŠŸ\",\r\n  \"code\" : 0\r\n}',0,NULL,'2021-07-08 09:29:48'),(341,'å¯†ç è¡¨',1,'com.ruoyi.usertool.controller.PasswordController.addSave()','POST',1,'admin','ç ”å‘éƒ¨é—¨','/usertool/password/add','127.0.0.1','å†…ç½‘IP','{\"status\":[\"0\"]}',NULL,1,'\r\n### Error updating database.  Cause: java.sql.SQLException: Field \'account_id\' doesn\'t have a default value\r\n### The error may exist in com/ruoyi/usertool/mapper/PasswordMapper.java (best guess)\r\n### The error may involve com.ruoyi.usertool.mapper.PasswordMapper.insert-Inline\r\n### The error occurred while setting parameters\r\n### SQL: INSERT INTO passwords  ( password, status )  VALUES  ( ?, ? )\r\n### Cause: java.sql.SQLException: Field \'account_id\' doesn\'t have a default value\n; Field \'account_id\' doesn\'t have a default value; nested exception is java.sql.SQLException: Field \'account_id\' doesn\'t have a default value','2021-07-08 09:36:11'),(342,'å¯†ç è¡¨',1,'com.ruoyi.usertool.controller.PasswordController.addSave()','POST',1,'admin','ç ”å‘éƒ¨é—¨','/usertool/password/add','127.0.0.1','å†…ç½‘IP','{\"accountId\":[\"28\"],\"status\":[\"0\"]}','{\r\n  \"msg\" : \"æ“ä½œæˆåŠŸ\",\r\n  \"code\" : 0\r\n}',0,NULL,'2021-07-08 09:41:49'),(343,'å¯†ç è¡¨',1,'com.ruoyi.usertool.controller.PasswordController.addSave()','POST',1,'admin','ç ”å‘éƒ¨é—¨','/usertool/password/add','127.0.0.1','å†…ç½‘IP','{\"accountId\":[\"1\"],\"status\":[\"0\"]}','{\r\n  \"msg\" : \"æ“ä½œæˆåŠŸ\",\r\n  \"code\" : 0\r\n}',0,NULL,'2021-07-08 09:49:45'),(344,'å¯†ç è¡¨',3,'com.ruoyi.usertool.controller.PasswordController.remove()','POST',1,'admin','ç ”å‘éƒ¨é—¨','/usertool/password/remove','127.0.0.1','å†…ç½‘IP','{\"ids\":[\"39\"]}','{\r\n  \"msg\" : \"æ“ä½œæˆåŠŸ\",\r\n  \"code\" : 0\r\n}',0,NULL,'2021-07-08 10:00:54'),(345,'ç«™ç‚¹',2,'com.ruoyi.usertool.controller.StationController.editSave()','POST',1,'admin','ç ”å‘éƒ¨é—¨','/usertool/station/edit','127.0.0.1','å†…ç½‘IP','{\"stationId\":[\"1\"],\"stationName\":[\"å¾®ä¿¡\"],\"websiteUrl\":[\"https://wx.qq.com/\"],\"downloadUrl\":[\"https://weixin.qq.com/\"],\"appName\":[\"å¾®ä¿¡\"],\"description\":[\"\"],\"status\":[\"0\"]}','{\r\n  \"msg\" : \"æ“ä½œæˆåŠŸ\",\r\n  \"code\" : 0\r\n}',0,NULL,'2021-07-08 10:02:22'),(346,'ç«™ç‚¹',2,'com.ruoyi.usertool.controller.StationController.editSave()','POST',1,'admin','ç ”å‘éƒ¨é—¨','/usertool/station/edit','127.0.0.1','å†…ç½‘IP','{\"stationId\":[\"22\"],\"stationName\":[\"QQ\"],\"websiteUrl\":[\"https://im.qq.com/index\"],\"downloadUrl\":[\"https://im.qq.com/download\"],\"appName\":[\"QQ\"],\"description\":[\"\"],\"status\":[\"0\"]}','{\r\n  \"msg\" : \"æ“ä½œæˆåŠŸ\",\r\n  \"code\" : 0\r\n}',0,NULL,'2021-07-08 10:04:06'),(347,'ç«™ç‚¹',3,'com.ruoyi.usertool.controller.StationController.remove()','POST',1,'admin','ç ”å‘éƒ¨é—¨','/usertool/station/remove','127.0.0.1','å†…ç½‘IP','{\"ids\":[\"23,24\"]}','{\r\n  \"msg\" : \"æ“ä½œæˆåŠŸ\",\r\n  \"code\" : 0\r\n}',0,NULL,'2021-07-08 10:04:27'),(348,'ç«™ç‚¹',1,'com.ruoyi.usertool.controller.StationController.addSave()','POST',1,'admin','ç ”å‘éƒ¨é—¨','/usertool/station/add','127.0.0.1','å†…ç½‘IP','{\"stationName\":[\"å“”å“©å“”å“©åŠ¨ç”»\"],\"websiteUrl\":[\"https://www.bilibili.com/\"],\"downloadUrl\":[\"https://app.bilibili.com/?spm_id_from=333.851.b_696e7465726e6174696f6e616c486561646572.9\"],\"appName\":[\"å“”å“©å“”å“©\"],\"description\":[\"\"],\"status\":[\"0\"]}','{\r\n  \"msg\" : \"æ“ä½œæˆåŠŸ\",\r\n  \"code\" : 0\r\n}',0,NULL,'2021-07-08 10:05:52'),(349,'ç«™ç‚¹',2,'com.ruoyi.usertool.controller.StationController.editSave()','POST',1,'admin','ç ”å‘éƒ¨é—¨','/usertool/station/edit','127.0.0.1','å†…ç½‘IP','{\"stationId\":[\"26\"],\"stationName\":[\"å“”å“©å“”å“©åŠ¨ç”»\"],\"websiteUrl\":[\"https://www.bilibili.com/\"],\"downloadUrl\":[\"https://app.bilibili.com/\"],\"appName\":[\"å“”å“©å“”å“©\"],\"description\":[\"\"],\"status\":[\"0\"]}','{\r\n  \"msg\" : \"æ“ä½œæˆåŠŸ\",\r\n  \"code\" : 0\r\n}',0,NULL,'2021-07-08 10:06:43'),(350,'èœå•ç®¡ç†',2,'com.ruoyi.web.controller.system.SysMenuController.editSave()','POST',1,'admin','ç ”å‘éƒ¨é—¨','/system/menu/edit','127.0.0.1','å†…ç½‘IP','{\"menuId\":[\"2002\"],\"parentId\":[\"2008\"],\"menuType\":[\"C\"],\"menuName\":[\"ç«™ç‚¹\"],\"url\":[\"/usertool/station\"],\"target\":[\"menuItem\"],\"perms\":[\"usertool:station:view\"],\"orderNum\":[\"1\"],\"icon\":[\"#\"],\"visible\":[\"0\"],\"isRefresh\":[\"1\"]}','{\r\n  \"msg\" : \"æ“ä½œæˆåŠŸ\",\r\n  \"code\" : 0\r\n}',0,NULL,'2021-07-08 10:07:43'),(351,'èœå•ç®¡ç†',2,'com.ruoyi.web.controller.system.SysMenuController.editSave()','POST',1,'admin','ç ”å‘éƒ¨é—¨','/system/menu/edit','127.0.0.1','å†…ç½‘IP','{\"menuId\":[\"2021\"],\"parentId\":[\"2008\"],\"menuType\":[\"C\"],\"menuName\":[\"å¯†ç è¡¨\"],\"url\":[\"/usertool/password\"],\"target\":[\"menuItem\"],\"perms\":[\"usertool:password:view\"],\"orderNum\":[\"1\"],\"icon\":[\"#\"],\"visible\":[\"1\"],\"isRefresh\":[\"1\"]}','{\r\n  \"msg\" : \"æ“ä½œæˆåŠŸ\",\r\n  \"code\" : 0\r\n}',0,NULL,'2021-07-08 10:08:16'),(352,'èœå•ç®¡ç†',2,'com.ruoyi.web.controller.system.SysMenuController.editSave()','POST',1,'admin','ç ”å‘éƒ¨é—¨','/system/menu/edit','127.0.0.1','å†…ç½‘IP','{\"menuId\":[\"2008\"],\"parentId\":[\"2000\"],\"menuType\":[\"F\"],\"menuName\":[\"è´¦å¯†ç°¿\"],\"url\":[\"/usertool/account\"],\"target\":[\"menuItem\"],\"perms\":[\"usertool:account:view\"],\"orderNum\":[\"1\"],\"icon\":[\"#\"],\"visible\":[\"0\"],\"isRefresh\":[\"1\"]}','{\r\n  \"msg\" : \"æ“ä½œæˆåŠŸ\",\r\n  \"code\" : 0\r\n}',0,NULL,'2021-07-08 10:10:07'),(353,'èœå•ç®¡ç†',2,'com.ruoyi.web.controller.system.SysMenuController.editSave()','POST',1,'admin','ç ”å‘éƒ¨é—¨','/system/menu/edit','127.0.0.1','å†…ç½‘IP','{\"menuId\":[\"2008\"],\"parentId\":[\"2000\"],\"menuType\":[\"C\"],\"menuName\":[\"è´¦å¯†ç°¿\"],\"url\":[\"/usertool/account\"],\"target\":[\"menuItem\"],\"perms\":[\"usertool:account:view\"],\"orderNum\":[\"1\"],\"icon\":[\"#\"],\"visible\":[\"0\"],\"isRefresh\":[\"1\"]}','{\r\n  \"msg\" : \"æ“ä½œæˆåŠŸ\",\r\n  \"code\" : 0\r\n}',0,NULL,'2021-07-08 10:10:24'),(354,'èœå•ç®¡ç†',2,'com.ruoyi.web.controller.system.SysMenuController.editSave()','POST',1,'admin','ç ”å‘éƒ¨é—¨','/system/menu/edit','127.0.0.1','å†…ç½‘IP','{\"menuId\":[\"2002\"],\"parentId\":[\"2000\"],\"menuType\":[\"C\"],\"menuName\":[\"ç«™ç‚¹\"],\"url\":[\"/usertool/station\"],\"target\":[\"menuItem\"],\"perms\":[\"usertool:station:view\"],\"orderNum\":[\"1\"],\"icon\":[\"#\"],\"visible\":[\"0\"],\"isRefresh\":[\"1\"]}','{\r\n  \"msg\" : \"æ“ä½œæˆåŠŸ\",\r\n  \"code\" : 0\r\n}',0,NULL,'2021-07-08 10:10:40'),(355,'èœå•ç®¡ç†',2,'com.ruoyi.web.controller.system.SysMenuController.editSave()','POST',1,'admin','ç ”å‘éƒ¨é—¨','/system/menu/edit','127.0.0.1','å†…ç½‘IP','{\"menuId\":[\"2002\"],\"parentId\":[\"2008\"],\"menuType\":[\"C\"],\"menuName\":[\"ç«™ç‚¹\"],\"url\":[\"/usertool/station\"],\"target\":[\"menuItem\"],\"perms\":[\"usertool:station:view\"],\"orderNum\":[\"1\"],\"icon\":[\"#\"],\"visible\":[\"1\"],\"isRefresh\":[\"1\"]}','{\r\n  \"msg\" : \"æ“ä½œæˆåŠŸ\",\r\n  \"code\" : 0\r\n}',0,NULL,'2021-07-08 10:11:51'),(356,'ç«™ç‚¹',2,'com.ruoyi.usertool.controller.StationController.editSave()','POST',1,'admin','ç ”å‘éƒ¨é—¨','/usertool/station/edit','127.0.0.1','å†…ç½‘IP','{\"stationId\":[\"26\"],\"stationName\":[\"å“”å“©å“”å“©åŠ¨ç”»\"],\"websiteUrl\":[\"https://www.bilibili.com/\"],\"downloadUrl\":[\"https://app.bilibili.com/\"],\"appName\":[\"å“”å“©å“”å“©\"],\"description\":[\"\"],\"status\":[\"1\"]}','{\r\n  \"msg\" : \"æ“ä½œæˆåŠŸ\",\r\n  \"code\" : 0\r\n}',0,NULL,'2021-07-08 10:33:50'),(357,'ç«™ç‚¹',2,'com.ruoyi.usertool.controller.StationController.editSave()','POST',1,'admin','ç ”å‘éƒ¨é—¨','/usertool/station/edit','127.0.0.1','å†…ç½‘IP','{\"stationId\":[\"26\"],\"stationName\":[\"å“”å“©å“”å“©åŠ¨ç”»\"],\"websiteUrl\":[\"https://www.bilibili.com/\"],\"downloadUrl\":[\"https://app.bilibili.com/\"],\"appName\":[\"å“”å“©å“”å“©\"],\"description\":[\"\"],\"status\":[\"0\"]}','{\r\n  \"msg\" : \"æ“ä½œæˆåŠŸ\",\r\n  \"code\" : 0\r\n}',0,NULL,'2021-07-08 10:33:53'),(358,'è´¦å¯†ç°¿',2,'com.ruoyi.usertool.controller.AccountController.editSave()','POST',1,'admin','ç ”å‘éƒ¨é—¨','/usertool/account/edit','127.0.0.1','å†…ç½‘IP','{\"id\":[\"28\"],\"userId\":[\"1\"],\"stationId\":[\"1\"],\"accountId\":[\"xixi\"],\"nickName\":[\"xx\"],\"description\":[\"æˆ‘å«xixi\"],\"status\":[\"0\"]}','{\r\n  \"msg\" : \"æ“ä½œæˆåŠŸ\",\r\n  \"code\" : 0\r\n}',0,NULL,'2021-07-08 10:37:29'),(359,'è´¦å¯†ç°¿',2,'com.ruoyi.usertool.controller.AccountController.editSave()','POST',1,'admin','ç ”å‘éƒ¨é—¨','/usertool/account/edit','127.0.0.1','å†…ç½‘IP','{\"id\":[\"28\"],\"userId\":[\"1\"],\"stationId\":[\"22\"],\"accountId\":[\"xixi\"],\"nickName\":[\"xx\"],\"description\":[\"æˆ‘å«xixi\"],\"status\":[\"0\"]}','{\r\n  \"msg\" : \"æ“ä½œæˆåŠŸ\",\r\n  \"code\" : 0\r\n}',0,NULL,'2021-07-08 10:37:37'),(360,'ç«™ç‚¹',1,'com.ruoyi.usertool.controller.StationController.addSave()','POST',1,'admin','ç ”å‘éƒ¨é—¨','/usertool/station/add','127.0.0.1','å†…ç½‘IP','{\"stationName\":[\"OpenWrt-01\"],\"websiteUrl\":[\"http://10.10.1.1/\"],\"downloadUrl\":[\"\"],\"appName\":[\"\"],\"description\":[\"è½¯è·¯ç”±1å·\"],\"status\":[\"0\"]}','{\r\n  \"msg\" : \"æ“ä½œæˆåŠŸ\",\r\n  \"code\" : 0\r\n}',0,NULL,'2021-07-08 12:23:49'),(361,'è´¦å¯†ç°¿',1,'com.ruoyi.usertool.controller.AccountController.addSave()','POST',1,'admin','ç ”å‘éƒ¨é—¨','/usertool/account/add','127.0.0.1','å†…ç½‘IP','{\"userId\":[\"1\"],\"stationId\":[\"27\"],\"accountId\":[\"root\"],\"nickName\":[\"\"],\"description\":[\"è½¯è·¯ç”±rootè´¦å·\"],\"status\":[\"0\"],\"passwordList[0].password\":[\"vbxclkyure\"],\"passwordList[0].status\":[\"0\"],\"btSelectAll\":[\"\"],\"btSelectItem\":[\"\"]}','{\r\n  \"msg\" : \"æ“ä½œæˆåŠŸ\",\r\n  \"code\" : 0\r\n}',0,NULL,'2021-07-08 12:25:27'),(362,'è´¦å¯†ç°¿',2,'com.ruoyi.usertool.controller.AccountController.editSave()','POST',1,'admin','ç ”å‘éƒ¨é—¨','/usertool/account/edit','127.0.0.1','å†…ç½‘IP','{\"id\":[\"29\"],\"userId\":[\"1\"],\"stationId\":[\"27\"],\"accountId\":[\"root\"],\"nickName\":[\"\"],\"description\":[\"è½¯è·¯ç”±rootè´¦å·\"],\"status\":[\"0\"]}','{\r\n  \"msg\" : \"æ“ä½œæˆåŠŸ\",\r\n  \"code\" : 0\r\n}',0,NULL,'2021-07-08 12:25:42'),(363,'ç«™ç‚¹',2,'com.ruoyi.usertool.controller.StationController.editSave()','POST',1,'admin','ç ”å‘éƒ¨é—¨','/usertool/station/edit','127.0.0.1','å†…ç½‘IP','{\"stationId\":[\"27\"],\"stationName\":[\"OpenWrt\"],\"websiteUrl\":[\"http://10.10.1.1/\"],\"downloadUrl\":[\"\"],\"appName\":[\"\"],\"description\":[\"è½¯è·¯ç”±\"],\"status\":[\"0\"]}','{\r\n  \"msg\" : \"æ“ä½œæˆåŠŸ\",\r\n  \"code\" : 0\r\n}',0,NULL,'2021-07-08 12:27:37'),(364,'è´¦å¯†ç°¿',2,'com.ruoyi.usertool.controller.AccountController.editSave()','POST',1,'admin','ç ”å‘éƒ¨é—¨','/usertool/account/edit','127.0.0.1','å†…ç½‘IP','{\"id\":[\"29\"],\"userId\":[\"1\"],\"stationId\":[\"27\"],\"accountId\":[\"root\"],\"nickName\":[\"\"],\"description\":[\"è½¯è·¯ç”±rootè´¦å·\"],\"status\":[\"0\"]}','{\r\n  \"msg\" : \"æ“ä½œæˆåŠŸ\",\r\n  \"code\" : 0\r\n}',0,NULL,'2021-07-08 12:27:49'),(365,'è´¦å¯†ç°¿',2,'com.ruoyi.usertool.controller.AccountController.editSave()','POST',1,'admin','ç ”å‘éƒ¨é—¨','/usertool/account/edit','127.0.0.1','å†…ç½‘IP','{\"id\":[\"29\"],\"userId\":[\"1\"],\"stationId\":[\"26\"],\"accountId\":[\"root\"],\"nickName\":[\"\"],\"description\":[\"è½¯è·¯ç”±rootè´¦å·\"],\"status\":[\"0\"]}','{\r\n  \"msg\" : \"æ“ä½œæˆåŠŸ\",\r\n  \"code\" : 0\r\n}',0,NULL,'2021-07-08 12:28:52'),(366,'è´¦å¯†ç°¿',2,'com.ruoyi.usertool.controller.AccountController.editSave()','POST',1,'admin','ç ”å‘éƒ¨é—¨','/usertool/account/edit','127.0.0.1','å†…ç½‘IP','{\"id\":[\"29\"],\"userId\":[\"1\"],\"stationId\":[\"27\"],\"accountId\":[\"root\"],\"nickName\":[\"\"],\"description\":[\"è½¯è·¯ç”±rootè´¦å·\"],\"status\":[\"0\"]}','{\r\n  \"msg\" : \"æ“ä½œæˆåŠŸ\",\r\n  \"code\" : 0\r\n}',0,NULL,'2021-07-08 12:29:00'),(367,'ç«™ç‚¹',2,'com.ruoyi.usertool.controller.StationController.editSave()','POST',1,'admin','ç ”å‘éƒ¨é—¨','/usertool/station/edit','127.0.0.1','å†…ç½‘IP','{\"stationId\":[\"27\"],\"stationName\":[\"å¡éš†æ™’ç„•å‘\"],\"websiteUrl\":[\"http://10.10.1.1/\"],\"downloadUrl\":[\"\"],\"appName\":[\"\"],\"description\":[\"è½¯è·¯ç”±\"],\"status\":[\"0\"]}','{\r\n  \"msg\" : \"æ“ä½œæˆåŠŸ\",\r\n  \"code\" : 0\r\n}',0,NULL,'2021-07-08 12:29:13'),(368,'è´¦å¯†ç°¿',2,'com.ruoyi.usertool.controller.AccountController.editSave()','POST',1,'admin','ç ”å‘éƒ¨é—¨','/usertool/account/edit','127.0.0.1','å†…ç½‘IP','{\"id\":[\"29\"],\"userId\":[\"1\"],\"stationId\":[\"27\"],\"accountId\":[\"root\"],\"nickName\":[\"\"],\"description\":[\"è½¯è·¯ç”±rootè´¦å·\"],\"status\":[\"0\"]}','{\r\n  \"msg\" : \"æ“ä½œæˆåŠŸ\",\r\n  \"code\" : 0\r\n}',0,NULL,'2021-07-08 12:29:19'),(369,'è´¦å¯†ç°¿',2,'com.ruoyi.usertool.controller.AccountController.editSave()','POST',1,'admin','ç ”å‘éƒ¨é—¨','/usertool/account/edit','127.0.0.1','å†…ç½‘IP','{\"id\":[\"29\"],\"userId\":[\"1\"],\"stationId\":[\"26\"],\"accountId\":[\"root\"],\"nickName\":[\"\"],\"description\":[\"è½¯è·¯ç”±rootè´¦å·\"],\"status\":[\"0\"]}','{\r\n  \"msg\" : \"æ“ä½œæˆåŠŸ\",\r\n  \"code\" : 0\r\n}',0,NULL,'2021-07-08 12:29:40'),(370,'è´¦å¯†ç°¿',2,'com.ruoyi.usertool.controller.AccountController.editSave()','POST',1,'admin','ç ”å‘éƒ¨é—¨','/usertool/account/edit','127.0.0.1','å†…ç½‘IP','{\"id\":[\"28\"],\"userId\":[\"1\"],\"stationId\":[\"27\"],\"accountId\":[\"xixi\"],\"nickName\":[\"xx\"],\"description\":[\"æˆ‘å«xixi\"],\"status\":[\"0\"]}','{\r\n  \"msg\" : \"æ“ä½œæˆåŠŸ\",\r\n  \"code\" : 0\r\n}',0,NULL,'2021-07-08 12:29:58'),(371,'è´¦å¯†ç°¿',2,'com.ruoyi.usertool.controller.AccountController.editSave()','POST',1,'admin','ç ”å‘éƒ¨é—¨','/usertool/account/edit','127.0.0.1','å†…ç½‘IP','{\"id\":[\"28\"],\"userId\":[\"1\"],\"stationId\":[\"26\"],\"accountId\":[\"xixi\"],\"nickName\":[\"xx\"],\"description\":[\"æˆ‘å«xixi\"],\"status\":[\"0\"]}','{\r\n  \"msg\" : \"æ“ä½œæˆåŠŸ\",\r\n  \"code\" : 0\r\n}',0,NULL,'2021-07-08 12:30:46'),(372,'è´¦å¯†ç°¿',2,'com.ruoyi.usertool.controller.AccountController.editSave()','POST',1,'admin','ç ”å‘éƒ¨é—¨','/usertool/account/edit','127.0.0.1','å†…ç½‘IP','{\"id\":[\"29\"],\"userId\":[\"1\"],\"stationId\":[\"27\"],\"accountId\":[\"root\"],\"nickName\":[\"\"],\"description\":[\"è½¯è·¯ç”±rootè´¦å·\"],\"status\":[\"0\"]}','{\r\n  \"msg\" : \"æ“ä½œæˆåŠŸ\",\r\n  \"code\" : 0\r\n}',0,NULL,'2021-07-08 12:30:54'),(373,'ç«™ç‚¹',2,'com.ruoyi.usertool.controller.StationController.editSave()','POST',1,'admin','ç ”å‘éƒ¨é—¨','/usertool/station/edit','127.0.0.1','å†…ç½‘IP','{\"stationId\":[\"26\"],\"stationName\":[\"å“”å“©å“”å“©åŠ¨ç”»1\"],\"websiteUrl\":[\"https://www.bilibili.com/\"],\"downloadUrl\":[\"https://app.bilibili.com/\"],\"appName\":[\"å“”å“©å“”å“©\"],\"description\":[\"\"],\"status\":[\"0\"]}','{\r\n  \"msg\" : \"æ“ä½œæˆåŠŸ\",\r\n  \"code\" : 0\r\n}',0,NULL,'2021-07-08 12:31:05'),(374,'è´¦å¯†ç°¿',2,'com.ruoyi.usertool.controller.AccountController.editSave()','POST',1,'admin','ç ”å‘éƒ¨é—¨','/usertool/account/edit','127.0.0.1','å†…ç½‘IP','{\"id\":[\"28\"],\"userId\":[\"1\"],\"stationId\":[\"26\"],\"accountId\":[\"xixi\"],\"nickName\":[\"xx\"],\"description\":[\"æˆ‘å«xixi\"],\"status\":[\"0\"]}','{\r\n  \"msg\" : \"æ“ä½œæˆåŠŸ\",\r\n  \"code\" : 0\r\n}',0,NULL,'2021-07-08 12:31:12'),(375,'è´¦å¯†ç°¿',2,'com.ruoyi.usertool.controller.AccountController.editSave()','POST',1,'admin','ç ”å‘éƒ¨é—¨','/usertool/account/edit','127.0.0.1','å†…ç½‘IP','{\"id\":[\"29\"],\"userId\":[\"1\"],\"stationId\":[\"26\"],\"accountId\":[\"root\"],\"nickName\":[\"\"],\"description\":[\"è½¯è·¯ç”±rootè´¦å·\"],\"status\":[\"0\"]}','{\r\n  \"msg\" : \"æ“ä½œæˆåŠŸ\",\r\n  \"code\" : 0\r\n}',0,NULL,'2021-07-08 12:31:25'),(376,'ç«™ç‚¹',2,'com.ruoyi.usertool.controller.StationController.editSave()','POST',1,'admin','ç ”å‘éƒ¨é—¨','/usertool/station/edit','127.0.0.1','å†…ç½‘IP','{\"stationId\":[\"26\"],\"stationName\":[\"å“”å“©å“”å“©åŠ¨ç”»\"],\"websiteUrl\":[\"https://www.bilibili.com/\"],\"downloadUrl\":[\"https://app.bilibili.com/\"],\"appName\":[\"å“”å“©å“”å“©\"],\"description\":[\"\"],\"status\":[\"0\"]}','{\r\n  \"msg\" : \"æ“ä½œæˆåŠŸ\",\r\n  \"code\" : 0\r\n}',0,NULL,'2021-07-08 12:31:31'),(377,'ç«™ç‚¹',2,'com.ruoyi.usertool.controller.StationController.editSave()','POST',1,'admin','ç ”å‘éƒ¨é—¨','/usertool/station/edit','127.0.0.1','å†…ç½‘IP','{\"stationId\":[\"27\"],\"stationName\":[\"OpenWrt\"],\"websiteUrl\":[\"http://10.10.1.1/\"],\"downloadUrl\":[\"\"],\"appName\":[\"\"],\"description\":[\"è½¯è·¯ç”±\"],\"status\":[\"0\"]}','{\r\n  \"msg\" : \"æ“ä½œæˆåŠŸ\",\r\n  \"code\" : 0\r\n}',0,NULL,'2021-07-08 12:31:41'),(378,'è´¦å¯†ç°¿',2,'com.ruoyi.usertool.controller.AccountController.editSave()','POST',1,'admin','ç ”å‘éƒ¨é—¨','/usertool/account/edit','127.0.0.1','å†…ç½‘IP','{\"id\":[\"29\"],\"userId\":[\"1\"],\"stationId\":[\"27\"],\"accountId\":[\"root\"],\"nickName\":[\"\"],\"description\":[\"è½¯è·¯ç”±rootè´¦å·\"],\"status\":[\"0\"]}','{\r\n  \"msg\" : \"æ“ä½œæˆåŠŸ\",\r\n  \"code\" : 0\r\n}',0,NULL,'2021-07-08 12:31:54'),(379,'è´¦å¯†ç°¿',2,'com.ruoyi.usertool.controller.AccountController.editSave()','POST',1,'admin','ç ”å‘éƒ¨é—¨','/usertool/account/edit','127.0.0.1','å†…ç½‘IP','{\"id\":[\"1\"],\"userId\":[\"1\"],\"stationId\":[\"1\"],\"accountId\":[\"hahaha\"],\"nickName\":[\"cq\"],\"description\":[\"å¾®ä¿¡å¤§å·\"],\"status\":[\"0\"]}','{\r\n  \"msg\" : \"æ“ä½œæˆåŠŸ\",\r\n  \"code\" : 0\r\n}',0,NULL,'2021-07-08 12:36:58'),(380,'å¯†ç è¡¨',1,'com.ruoyi.usertool.controller.PasswordController.addSave()','POST',1,'admin','ç ”å‘éƒ¨é—¨','/usertool/password/add','127.0.0.1','å†…ç½‘IP','{\"accountId\":[\"29\"],\"status\":[\"1\"]}','{\r\n  \"msg\" : \"æ“ä½œæˆåŠŸ\",\r\n  \"code\" : 0\r\n}',0,NULL,'2021-07-08 12:37:36'),(381,'å¯†ç è¡¨',1,'com.ruoyi.usertool.controller.PasswordController.addSave()','POST',1,'admin','ç ”å‘éƒ¨é—¨','/usertool/password/add','127.0.0.1','å†…ç½‘IP','{\"accountId\":[\"29\"],\"status\":[\"1\"]}','{\r\n  \"msg\" : \"æ“ä½œæˆåŠŸ\",\r\n  \"code\" : 0\r\n}',0,NULL,'2021-07-08 12:37:43'),(382,'ç«™ç‚¹',2,'com.ruoyi.usertool.controller.StationController.editSave()','POST',1,'admin','ç ”å‘éƒ¨é—¨','/usertool/station/edit','127.0.0.1','å†…ç½‘IP','{\"stationId\":[\"26\"],\"stationName\":[\"å“”å“©å“”å“©åŠ¨ç”»\"],\"websiteUrl\":[\"https://www.bilibili.com/\"],\"downloadUrl\":[\"https://app.bilibili.com/\"],\"appName\":[\"å“”å“©å“”å“©\"],\"description\":[\"bilibili\"],\"status\":[\"0\"]}','{\r\n  \"msg\" : \"æ“ä½œæˆåŠŸ\",\r\n  \"code\" : 0\r\n}',0,NULL,'2021-07-08 12:42:33'),(383,'ç«™ç‚¹',2,'com.ruoyi.usertool.controller.StationController.editSave()','POST',1,'admin','ç ”å‘éƒ¨é—¨','/usertool/station/edit','127.0.0.1','å†…ç½‘IP','{\"stationId\":[\"22\"],\"stationName\":[\"QQ\"],\"websiteUrl\":[\"https://im.qq.com/index\"],\"downloadUrl\":[\"https://im.qq.com/download\"],\"appName\":[\"QQ\"],\"description\":[\"\"],\"status\":[\"1\"]}','{\r\n  \"msg\" : \"æ“ä½œæˆåŠŸ\",\r\n  \"code\" : 0\r\n}',0,NULL,'2021-07-08 12:43:26');
/*!40000 ALTER TABLE `sys_oper_log` ENABLE KEYS */;
UNLOCK TABLES;

--
-- Table structure for table `sys_post`
--

DROP TABLE IF EXISTS `sys_post`;
/*!40101 SET @saved_cs_client     = @@character_set_client */;
/*!50503 SET character_set_client = utf8mb4 */;
CREATE TABLE `sys_post` (
  `post_id` bigint NOT NULL AUTO_INCREMENT COMMENT 'å²—ä½ID',
  `post_code` varchar(64) NOT NULL COMMENT 'å²—ä½ç¼–ç ',
  `post_name` varchar(50) NOT NULL COMMENT 'å²—ä½åç§°',
  `post_sort` int NOT NULL COMMENT 'æ˜¾ç¤ºé¡ºåº',
  `status` char(1) NOT NULL COMMENT 'çŠ¶æ€ï¼ˆ0æ­£å¸¸ 1åœç”¨ï¼‰',
  `create_by` varchar(64) DEFAULT '' COMMENT 'åˆ›å»ºè€…',
  `create_time` datetime DEFAULT NULL COMMENT 'åˆ›å»ºæ—¶é—´',
  `update_by` varchar(64) DEFAULT '' COMMENT 'æ›´æ–°è€…',
  `update_time` datetime DEFAULT NULL COMMENT 'æ›´æ–°æ—¶é—´',
  `remark` varchar(500) DEFAULT NULL COMMENT 'å¤‡æ³¨',
  PRIMARY KEY (`post_id`)
) ENGINE=InnoDB AUTO_INCREMENT=5 DEFAULT CHARSET=utf8mb3 COMMENT='å²—ä½ä¿¡æ¯è¡¨';
/*!40101 SET character_set_client = @saved_cs_client */;

--
-- Dumping data for table `sys_post`
--

LOCK TABLES `sys_post` WRITE;
/*!40000 ALTER TABLE `sys_post` DISABLE KEYS */;
INSERT INTO `sys_post` VALUES (1,'ceo','è‘£äº‹é•¿',1,'0','admin','2021-07-01 11:27:35','',NULL,''),(2,'se','é¡¹ç›®ç»ç†',2,'0','admin','2021-07-01 11:27:35','',NULL,''),(3,'hr','äººåŠ›èµ„æº',3,'0','admin','2021-07-01 11:27:35','',NULL,''),(4,'user','æ™®é€šå‘˜å·¥',4,'0','admin','2021-07-01 11:27:35','',NULL,'');
/*!40000 ALTER TABLE `sys_post` ENABLE KEYS */;
UNLOCK TABLES;

--
-- Table structure for table `sys_role`
--

DROP TABLE IF EXISTS `sys_role`;
/*!40101 SET @saved_cs_client     = @@character_set_client */;
/*!50503 SET character_set_client = utf8mb4 */;
CREATE TABLE `sys_role` (
  `role_id` bigint NOT NULL AUTO_INCREMENT COMMENT 'è§’è‰²ID',
  `role_name` varchar(30) NOT NULL COMMENT 'è§’è‰²åç§°',
  `role_key` varchar(100) NOT NULL COMMENT 'è§’è‰²æƒé™å­—ç¬¦ä¸²',
  `role_sort` int NOT NULL COMMENT 'æ˜¾ç¤ºé¡ºåº',
  `data_scope` char(1) DEFAULT '1' COMMENT 'æ•°æ®èŒƒå›´ï¼ˆ1ï¼šå…¨éƒ¨æ•°æ®æƒé™ 2ï¼šè‡ªå®šæ•°æ®æƒé™ 3ï¼šæœ¬éƒ¨é—¨æ•°æ®æƒé™ 4ï¼šæœ¬éƒ¨é—¨åŠä»¥ä¸‹æ•°æ®æƒé™ï¼‰',
  `status` char(1) NOT NULL COMMENT 'è§’è‰²çŠ¶æ€ï¼ˆ0æ­£å¸¸ 1åœç”¨ï¼‰',
  `del_flag` char(1) DEFAULT '0' COMMENT 'åˆ é™¤æ ‡å¿—ï¼ˆ0ä»£è¡¨å­˜åœ¨ 2ä»£è¡¨åˆ é™¤ï¼‰',
  `create_by` varchar(64) DEFAULT '' COMMENT 'åˆ›å»ºè€…',
  `create_time` datetime DEFAULT NULL COMMENT 'åˆ›å»ºæ—¶é—´',
  `update_by` varchar(64) DEFAULT '' COMMENT 'æ›´æ–°è€…',
  `update_time` datetime DEFAULT NULL COMMENT 'æ›´æ–°æ—¶é—´',
  `remark` varchar(500) DEFAULT NULL COMMENT 'å¤‡æ³¨',
  PRIMARY KEY (`role_id`)
) ENGINE=InnoDB AUTO_INCREMENT=100 DEFAULT CHARSET=utf8mb3 COMMENT='è§’è‰²ä¿¡æ¯è¡¨';
/*!40101 SET character_set_client = @saved_cs_client */;

--
-- Dumping data for table `sys_role`
--

LOCK TABLES `sys_role` WRITE;
/*!40000 ALTER TABLE `sys_role` DISABLE KEYS */;
INSERT INTO `sys_role` VALUES (1,'è¶…çº§ç®¡ç†å‘˜','admin',1,'1','0','0','admin','2021-07-01 11:27:35','',NULL,'è¶…çº§ç®¡ç†å‘˜'),(2,'æ™®é€šè§’è‰²','common',2,'2','0','0','admin','2021-07-01 11:27:35','',NULL,'æ™®é€šè§’è‰²');
/*!40000 ALTER TABLE `sys_role` ENABLE KEYS */;
UNLOCK TABLES;

--
-- Table structure for table `sys_role_dept`
--

DROP TABLE IF EXISTS `sys_role_dept`;
/*!40101 SET @saved_cs_client     = @@character_set_client */;
/*!50503 SET character_set_client = utf8mb4 */;
CREATE TABLE `sys_role_dept` (
  `role_id` bigint NOT NULL COMMENT 'è§’è‰²ID',
  `dept_id` bigint NOT NULL COMMENT 'éƒ¨é—¨ID',
  PRIMARY KEY (`role_id`,`dept_id`)
) ENGINE=InnoDB DEFAULT CHARSET=utf8mb3 COMMENT='è§’è‰²å’Œéƒ¨é—¨å…³è”è¡¨';
/*!40101 SET character_set_client = @saved_cs_client */;

--
-- Dumping data for table `sys_role_dept`
--

LOCK TABLES `sys_role_dept` WRITE;
/*!40000 ALTER TABLE `sys_role_dept` DISABLE KEYS */;
INSERT INTO `sys_role_dept` VALUES (2,100),(2,101),(2,105);
/*!40000 ALTER TABLE `sys_role_dept` ENABLE KEYS */;
UNLOCK TABLES;

--
-- Table structure for table `sys_role_menu`
--

DROP TABLE IF EXISTS `sys_role_menu`;
/*!40101 SET @saved_cs_client     = @@character_set_client */;
/*!50503 SET character_set_client = utf8mb4 */;
CREATE TABLE `sys_role_menu` (
  `role_id` bigint NOT NULL COMMENT 'è§’è‰²ID',
  `menu_id` bigint NOT NULL COMMENT 'èœå•ID',
  PRIMARY KEY (`role_id`,`menu_id`)
) ENGINE=InnoDB DEFAULT CHARSET=utf8mb3 COMMENT='è§’è‰²å’Œèœå•å…³è”è¡¨';
/*!40101 SET character_set_client = @saved_cs_client */;

--
-- Dumping data for table `sys_role_menu`
--

LOCK TABLES `sys_role_menu` WRITE;
/*!40000 ALTER TABLE `sys_role_menu` DISABLE KEYS */;
INSERT INTO `sys_role_menu` VALUES (2,1),(2,2),(2,3),(2,4),(2,100),(2,101),(2,102),(2,103),(2,104),(2,105),(2,106),(2,107),(2,108),(2,109),(2,110),(2,111),(2,112),(2,113),(2,114),(2,115),(2,116),(2,500),(2,501),(2,1000),(2,1001),(2,1002),(2,1003),(2,1004),(2,1005),(2,1006),(2,1007),(2,1008),(2,1009),(2,1010),(2,1011),(2,1012),(2,1013),(2,1014),(2,1015),(2,1016),(2,1017),(2,1018),(2,1019),(2,1020),(2,1021),(2,1022),(2,1023),(2,1024),(2,1025),(2,1026),(2,1027),(2,1028),(2,1029),(2,1030),(2,1031),(2,1032),(2,1033),(2,1034),(2,1035),(2,1036),(2,1037),(2,1038),(2,1039),(2,1040),(2,1041),(2,1042),(2,1043),(2,1044),(2,1045),(2,1046),(2,1047),(2,1048),(2,1049),(2,1050),(2,1051),(2,1052),(2,1053),(2,1054),(2,1055),(2,1056),(2,1057),(2,1058),(2,1059),(2,1060),(2,1061);
/*!40000 ALTER TABLE `sys_role_menu` ENABLE KEYS */;
UNLOCK TABLES;

--
-- Table structure for table `sys_user`
--

DROP TABLE IF EXISTS `sys_user`;
/*!40101 SET @saved_cs_client     = @@character_set_client */;
/*!50503 SET character_set_client = utf8mb4 */;
CREATE TABLE `sys_user` (
  `user_id` bigint NOT NULL AUTO_INCREMENT COMMENT 'ç”¨æˆ·ID',
  `dept_id` bigint DEFAULT NULL COMMENT 'éƒ¨é—¨ID',
  `login_name` varchar(30) NOT NULL COMMENT 'ç™»å½•è´¦å·',
  `user_name` varchar(30) DEFAULT '' COMMENT 'ç”¨æˆ·æ˜µç§°',
  `user_type` varchar(2) DEFAULT '00' COMMENT 'ç”¨æˆ·ç±»å‹ï¼ˆ00ç³»ç»Ÿç”¨æˆ· 01æ³¨å†Œç”¨æˆ·ï¼‰',
  `email` varchar(50) DEFAULT '' COMMENT 'ç”¨æˆ·é‚®ç®±',
  `phonenumber` varchar(11) DEFAULT '' COMMENT 'æ‰‹æœºå·ç ',
  `sex` char(1) DEFAULT '0' COMMENT 'ç”¨æˆ·æ€§åˆ«ï¼ˆ0ç”· 1å¥³ 2æœªçŸ¥ï¼‰',
  `avatar` varchar(100) DEFAULT '' COMMENT 'å¤´åƒè·¯å¾„',
  `password` varchar(50) DEFAULT '' COMMENT 'å¯†ç ',
  `salt` varchar(20) DEFAULT '' COMMENT 'ç›åŠ å¯†',
  `status` char(1) DEFAULT '0' COMMENT 'å¸å·çŠ¶æ€ï¼ˆ0æ­£å¸¸ 1åœç”¨ï¼‰',
  `del_flag` char(1) DEFAULT '0' COMMENT 'åˆ é™¤æ ‡å¿—ï¼ˆ0ä»£è¡¨å­˜åœ¨ 2ä»£è¡¨åˆ é™¤ï¼‰',
  `login_ip` varchar(128) DEFAULT '' COMMENT 'æœ€åç™»å½•IP',
  `login_date` datetime DEFAULT NULL COMMENT 'æœ€åç™»å½•æ—¶é—´',
  `pwd_update_date` datetime DEFAULT NULL COMMENT 'å¯†ç æœ€åæ›´æ–°æ—¶é—´',
  `create_by` varchar(64) DEFAULT '' COMMENT 'åˆ›å»ºè€…',
  `create_time` datetime DEFAULT NULL COMMENT 'åˆ›å»ºæ—¶é—´',
  `update_by` varchar(64) DEFAULT '' COMMENT 'æ›´æ–°è€…',
  `update_time` datetime DEFAULT NULL COMMENT 'æ›´æ–°æ—¶é—´',
  `remark` varchar(500) DEFAULT NULL COMMENT 'å¤‡æ³¨',
  PRIMARY KEY (`user_id`)
) ENGINE=InnoDB AUTO_INCREMENT=100 DEFAULT CHARSET=utf8mb3 COMMENT='ç”¨æˆ·ä¿¡æ¯è¡¨';
/*!40101 SET character_set_client = @saved_cs_client */;

--
-- Dumping data for table `sys_user`
--

LOCK TABLES `sys_user` WRITE;
/*!40000 ALTER TABLE `sys_user` DISABLE KEYS */;
INSERT INTO `sys_user` VALUES (1,103,'admin','WChQ','00','hug58697@163.com','18258439675','0','','3b941734d637d6938fc70cabaf07d98e','173acf','0','0','127.0.0.1','2021-07-08 20:46:23','2021-07-02 10:36:33','admin','2021-07-01 11:27:35','','2021-07-08 12:46:22','ç®¡ç†å‘˜'),(2,105,'ry','è‹¥ä¾','00','ry@qq.com','15666666666','1','','8e6d98b90472783cc73c17047ddccf36','222222','0','0','127.0.0.1','2021-07-01 11:27:35','2021-07-01 11:27:35','admin','2021-07-01 11:27:35','',NULL,'æµ‹è¯•å‘˜');
/*!40000 ALTER TABLE `sys_user` ENABLE KEYS */;
UNLOCK TABLES;

--
-- Table structure for table `sys_user_online`
--

DROP TABLE IF EXISTS `sys_user_online`;
/*!40101 SET @saved_cs_client     = @@character_set_client */;
/*!50503 SET character_set_client = utf8mb4 */;
CREATE TABLE `sys_user_online` (
  `sessionId` varchar(50) NOT NULL DEFAULT '' COMMENT 'ç”¨æˆ·ä¼šè¯id',
  `login_name` varchar(50) DEFAULT '' COMMENT 'ç™»å½•è´¦å·',
  `dept_name` varchar(50) DEFAULT '' COMMENT 'éƒ¨é—¨åç§°',
  `ipaddr` varchar(128) DEFAULT '' COMMENT 'ç™»å½•IPåœ°å€',
  `login_location` varchar(255) DEFAULT '' COMMENT 'ç™»å½•åœ°ç‚¹',
  `browser` varchar(50) DEFAULT '' COMMENT 'æµè§ˆå™¨ç±»å‹',
  `os` varchar(50) DEFAULT '' COMMENT 'æ“ä½œç³»ç»Ÿ',
  `status` varchar(10) DEFAULT '' COMMENT 'åœ¨çº¿çŠ¶æ€on_lineåœ¨çº¿off_lineç¦»çº¿',
  `start_timestamp` datetime DEFAULT NULL COMMENT 'sessionåˆ›å»ºæ—¶é—´',
  `last_access_time` datetime DEFAULT NULL COMMENT 'sessionæœ€åè®¿é—®æ—¶é—´',
  `expire_time` int DEFAULT '0' COMMENT 'è¶…æ—¶æ—¶é—´ï¼Œå•ä½ä¸ºåˆ†é’Ÿ',
  PRIMARY KEY (`sessionId`)
) ENGINE=InnoDB DEFAULT CHARSET=utf8mb3 COMMENT='åœ¨çº¿ç”¨æˆ·è®°å½•';
/*!40101 SET character_set_client = @saved_cs_client */;

--
-- Dumping data for table `sys_user_online`
--

LOCK TABLES `sys_user_online` WRITE;
/*!40000 ALTER TABLE `sys_user_online` DISABLE KEYS */;
/*!40000 ALTER TABLE `sys_user_online` ENABLE KEYS */;
UNLOCK TABLES;

--
-- Table structure for table `sys_user_post`
--

DROP TABLE IF EXISTS `sys_user_post`;
/*!40101 SET @saved_cs_client     = @@character_set_client */;
/*!50503 SET character_set_client = utf8mb4 */;
CREATE TABLE `sys_user_post` (
  `user_id` bigint NOT NULL COMMENT 'ç”¨æˆ·ID',
  `post_id` bigint NOT NULL COMMENT 'å²—ä½ID',
  PRIMARY KEY (`user_id`,`post_id`)
) ENGINE=InnoDB DEFAULT CHARSET=utf8mb3 COMMENT='ç”¨æˆ·ä¸å²—ä½å…³è”è¡¨';
/*!40101 SET character_set_client = @saved_cs_client */;

--
-- Dumping data for table `sys_user_post`
--

LOCK TABLES `sys_user_post` WRITE;
/*!40000 ALTER TABLE `sys_user_post` DISABLE KEYS */;
INSERT INTO `sys_user_post` VALUES (1,1),(2,2);
/*!40000 ALTER TABLE `sys_user_post` ENABLE KEYS */;
UNLOCK TABLES;

--
-- Table structure for table `sys_user_role`
--

DROP TABLE IF EXISTS `sys_user_role`;
/*!40101 SET @saved_cs_client     = @@character_set_client */;
/*!50503 SET character_set_client = utf8mb4 */;
CREATE TABLE `sys_user_role` (
  `user_id` bigint NOT NULL COMMENT 'ç”¨æˆ·ID',
  `role_id` bigint NOT NULL COMMENT 'è§’è‰²ID',
  PRIMARY KEY (`user_id`,`role_id`)
) ENGINE=InnoDB DEFAULT CHARSET=utf8mb3 COMMENT='ç”¨æˆ·å’Œè§’è‰²å…³è”è¡¨';
/*!40101 SET character_set_client = @saved_cs_client */;

--
-- Dumping data for table `sys_user_role`
--

LOCK TABLES `sys_user_role` WRITE;
/*!40000 ALTER TABLE `sys_user_role` DISABLE KEYS */;
INSERT INTO `sys_user_role` VALUES (1,1),(2,2);
/*!40000 ALTER TABLE `sys_user_role` ENABLE KEYS */;
UNLOCK TABLES;
/*!40103 SET TIME_ZONE=@OLD_TIME_ZONE */;

/*!40101 SET SQL_MODE=@OLD_SQL_MODE */;
/*!40014 SET FOREIGN_KEY_CHECKS=@OLD_FOREIGN_KEY_CHECKS */;
/*!40014 SET UNIQUE_CHECKS=@OLD_UNIQUE_CHECKS */;
/*!40101 SET CHARACTER_SET_CLIENT=@OLD_CHARACTER_SET_CLIENT */;
/*!40101 SET CHARACTER_SET_RESULTS=@OLD_CHARACTER_SET_RESULTS */;
/*!40101 SET COLLATION_CONNECTION=@OLD_COLLATION_CONNECTION */;
/*!40111 SET SQL_NOTES=@OLD_SQL_NOTES */;

-- Dump completed on 2021-07-09  8:57:35
